,City,Country,Date,Latitude,Longitude,Max Temperature,Humidity,Cloudy,Wind Speed
0,Barrow,US,1595038838,71.29,-156.79,37.4,74,75,17.22
1,Cabo San Lucas,MX,1595039085,22.89,-109.91,86.0,58,5,16.11
2,Cururupu,BR,1595039085,-1.83,-44.87,73.09,93,10,0.51
3,Krasnoslobodsk,RU,1595039085,48.71,44.57,71.6,40,40,8.95
4,Ilulissat,GL,1595038909,69.22,-51.1,51.8,61,67,6.93
5,Codrington,AU,1595039086,-38.27,141.97,52.74,66,100,17.63
6,Lerik,AZ,1595039086,38.77,48.41,66.2,88,0,2.44
7,Saint Paul Harbor,US,1595038905,57.79,-152.41,57.2,82,90,9.17
8,Santa Cruz de Barahona,DO,1595039086,18.21,-71.1,80.02,75,70,5.64
9,Gravdal,NO,1595039086,68.12,13.5,54.68,82,79,18.99
10,Hermanus,ZA,1595038875,-34.42,19.23,59.92,43,0,8.43
11,Yulara,AU,1595038904,-25.24,130.99,60.8,23,33,1.12
12,Port Alfred,ZA,1595039087,-33.59,26.89,62.76,28,0,12.5
13,Boa Vista,BR,1595038932,2.82,-60.67,77.0,88,75,1.12
14,Albany,US,1595038873,42.6,-73.97,75.0,96,0,6.96
15,Dikson,RU,1595038877,73.51,80.55,40.6,95,72,9.89
16,Bengkulu,ID,1595039087,-3.8,102.27,80.47,75,100,5.26
17,Yārāda,IN,1595039087,17.65,83.27,82.4,88,20,2.24
18,Torbay,CA,1595039088,47.67,-52.73,50.0,100,90,12.75
19,Chui,UY,1595039088,-33.7,-53.46,56.5,96,75,10.22
20,Dukat,RU,1595039088,62.55,155.55,51.6,61,92,19.42
21,Hilo,US,1595039088,19.73,-155.09,84.2,66,20,9.17
22,Khawhai,IN,1595039088,23.37,93.12,68.18,100,99,1.74
23,Ostrovnoy,RU,1595038864,68.05,39.51,56.39,63,100,2.8
24,Rikitea,PF,1595039088,-23.12,-134.97,73.2,83,100,13.27
25,Daye,CN,1595039089,30.08,114.95,80.8,86,99,0.49
26,The Pas,CA,1595039089,53.83,-101.25,64.4,82,90,5.82
27,Ushuaia,AR,1595039089,-54.8,-68.3,26.6,92,40,3.36
28,Tasiilaq,GL,1595039089,65.61,-37.64,42.8,87,0,1.12
29,Jamestown,US,1595039089,42.1,-79.24,71.6,68,1,4.7
30,Morón,AR,1595038921,-34.65,-58.62,55.0,97,100,4.0
31,Norman Wells,CA,1595039089,65.28,-126.83,60.8,87,75,5.82
32,Atasū,KZ,1595039090,48.68,71.64,78.94,38,39,12.01
33,Sangar,RU,1595039090,63.92,127.47,70.93,62,97,8.46
34,Vaini,TO,1595038872,-21.2,-175.2,78.8,83,75,11.41
35,Hobart,AU,1595038934,-42.88,147.33,48.2,76,75,8.05
36,Hasaki,JP,1595038938,35.73,140.83,66.2,100,75,8.05
37,Balkhash,KZ,1595038888,46.84,74.98,80.38,41,70,12.26
38,Mataura,NZ,1595039090,-46.19,168.86,39.0,83,0,3.0
39,Anadyr,RU,1595039090,64.75,177.48,55.4,82,78,17.9
40,Vestmannaeyjar,IS,1595039091,63.44,-20.27,47.66,75,13,31.52
41,Kangaatsiaq,GL,1595039091,68.31,-53.46,48.69,60,2,11.32
42,Souillac,MU,1595038936,-20.52,57.52,69.8,68,40,14.99
43,New Norfolk,AU,1595038880,-42.78,147.06,43.0,83,100,3.76
44,Laguna,US,1595038879,38.42,-121.42,86.0,34,1,13.87
45,Tautira,PF,1595038898,-17.73,-149.15,78.8,74,40,2.24
46,Ahipara,NZ,1595038914,-35.17,173.17,64.96,76,77,7.2
47,Avarua,CK,1595038816,-21.21,-159.78,73.4,60,27,8.05
48,Yurty,RU,1595039092,56.05,97.63,56.43,53,94,10.2
49,Byron Bay,AU,1595039092,-28.65,153.62,66.0,63,90,13.87
50,Saint George,US,1595038841,37.1,-113.58,100.99,8,1,13.87
51,Coyhaique,CL,1595039092,-45.58,-72.07,32.0,86,90,0.58
52,Saskylakh,RU,1595038880,71.92,114.08,55.36,69,80,8.93
53,Vila do Maio,CV,1595039092,15.13,-23.22,75.2,73,40,10.29
54,Basco,PH,1595039092,20.45,121.97,85.28,72,100,5.82
55,Rehoboth,NA,1595038928,-23.32,17.08,35.85,76,0,4.29
56,Tarko-Sale,RU,1595039093,64.92,77.78,57.0,89,100,7.96
57,Nouadhibou,MR,1595039093,20.93,-17.03,69.8,94,75,11.41
58,Butaritari,KI,1595038894,3.07,172.79,83.52,76,8,14.97
59,Soligalich,RU,1595039093,59.08,42.29,56.21,97,91,5.08
60,Punta Arenas,CL,1595039093,-53.15,-70.92,33.8,74,100,11.41
61,Yellowknife,CA,1595038892,62.46,-114.35,69.8,40,75,9.17
62,Marilândia,BR,1595039093,-19.41,-40.54,62.83,82,1,1.7
63,Roebourne,AU,1595039093,-20.78,117.13,73.78,62,99,3.8
64,Santa Rosa,PH,1595039094,14.31,121.11,91.99,66,92,9.17
65,Luwuk,ID,1595039094,-0.95,122.79,84.38,64,0,4.85
66,Huarmey,PE,1595039094,-10.07,-78.15,59.61,85,10,9.08
67,Khatanga,RU,1595039094,71.97,102.5,41.31,91,100,9.64
68,Mount Gambier,AU,1595038889,-37.83,140.77,53.6,62,100,14.99
69,Carnarvon,AU,1595038921,-24.87,113.63,60.8,55,0,19.46
70,Henties Bay,NA,1595039094,-22.12,14.28,68.72,26,0,19.69
71,Kenitra,MA,1595039095,34.26,-6.58,69.8,94,40,5.82
72,Nhulunbuy,AU,1595039095,-12.23,136.77,82.4,54,40,11.41
73,Tuktoyaktuk,CA,1595038910,69.45,-133.04,44.6,87,75,11.41
74,Yerbogachën,RU,1595039095,61.28,108.01,50.27,91,100,10.51
75,Port Hardy,CA,1595039095,50.7,-127.42,62.6,67,20,13.87
76,Busselton,AU,1595038871,-33.65,115.33,57.99,73,7,13.91
77,Lüderitz,NA,1595039095,-26.65,15.16,60.8,31,0,2.24
78,Vestmanna,FO,1595039096,62.16,-7.17,48.2,100,69,14.99
79,Thompson,CA,1595038877,55.74,-97.86,68.0,68,90,3.58
80,Cap Malheureux,MU,1595039096,-19.98,57.61,66.0,75,3,4.0
81,Karaidel',RU,1595039096,55.83,56.91,66.85,91,93,4.32
82,Bambous Virieux,MU,1595039096,-20.34,57.76,69.8,68,40,14.99
83,Taksimo,RU,1595039096,56.34,114.88,68.76,41,38,1.59
84,Paracuru,BR,1595039096,-3.41,-39.03,80.01,76,14,20.0
85,Mnogovershinnyy,RU,1595039097,53.94,139.92,62.04,79,96,0.87
86,Kenai,US,1595039097,60.55,-151.26,66.2,63,90,3.36
87,Hopkinsville,US,1595039097,36.87,-87.49,75.2,100,1,3.36
88,Dunedin,NZ,1595038932,-45.87,170.5,46.99,77,98,32.01
89,Bredasdorp,ZA,1595039097,-34.53,20.04,46.4,70,0,3.36
90,Ribeira Grande,PT,1595038918,38.52,-28.7,69.84,80,4,13.69
91,Province of Groningen,NL,1595039097,53.25,6.75,61.0,100,0,1.12
92,Belmonte,BR,1595039098,-15.86,-38.88,66.2,82,40,4.7
93,Cape Town,ZA,1595038805,-33.93,18.42,57.2,44,0,11.41
94,Kaeo,NZ,1595039098,-35.1,173.78,61.0,3,72,11.99
95,Walvis Bay,NA,1595039098,-22.96,14.51,68.0,14,0,21.92
96,Mahébourg,MU,1595038880,-20.41,57.7,69.8,68,40,14.99
97,Namatanai,PG,1595039098,-3.67,152.43,83.35,74,92,5.35
98,Atuona,PF,1595038910,-9.8,-139.03,79.34,75,20,16.31
99,Harper,LR,1595039098,4.38,-7.72,74.89,84,75,5.93
100,Jūnāgadh,IN,1595039099,21.52,70.47,81.03,87,19,8.88
101,Balaipungut,ID,1595039099,1.05,101.28,82.4,78,83,2.24
102,Qaanaaq,GL,1595039099,77.48,-69.36,45.9,73,100,10.04
103,Alyangula,AU,1595039099,-13.85,136.42,82.4,48,7,5.82
104,Port Elizabeth,ZA,1595038877,-33.92,25.57,41.0,29,0,4.7
105,Guerrero Negro,MX,1595039099,27.98,-114.06,72.03,68,0,15.66
106,The Valley,AI,1595039024,18.22,-63.06,82.4,74,20,5.82
107,Qasigiannguit,GL,1595039100,68.82,-51.19,51.8,62,93,6.93
108,Port Blair,IN,1595038907,11.67,92.75,80.6,83,40,1.12
109,Orange Cove,US,1595039100,36.62,-119.31,95.0,28,1,6.44
110,Palu,ID,1595039044,-0.89,119.87,86.54,61,43,1.19
111,Castro,BR,1595038880,-24.79,-50.01,57.38,89,0,1.81
112,Naryan-Mar,RU,1595039100,67.67,53.09,54.52,87,99,9.37
113,Zima,RU,1595039044,53.92,102.04,59.63,64,27,9.93
114,Camden,US,1595039101,39.78,-74.97,80.01,88,1,5.88
115,Pevek,RU,1595038896,69.7,170.31,45.79,78,40,1.99
116,Kavieng,PG,1595039101,-2.57,150.8,83.05,74,100,8.34
117,Aykhal,RU,1595039101,66.0,111.5,62.6,59,90,4.47
118,Pacific Grove,US,1595039006,36.62,-121.92,66.99,68,1,9.17
119,Vărşag,RO,1595039101,46.52,25.35,59.0,100,100,1.01
120,Yenagoa,NG,1595039101,4.92,6.26,74.52,93,99,2.13
121,Novikovo,RU,1595039102,51.15,37.89,58.33,81,92,3.8
122,Kapaa,US,1595038899,22.08,-159.32,86.0,74,40,10.29
123,Sinjār,IQ,1595039102,36.32,41.88,79.48,35,0,11.36
124,Hithadhoo,MV,1595038887,-0.6,73.08,83.61,77,80,11.68
125,Along,IN,1595039102,28.17,94.77,75.27,89,100,0.56
126,Houma,US,1595039103,29.6,-90.72,82.99,83,40,3.36
127,Baie-Comeau,CA,1595038988,49.22,-68.15,59.0,100,90,2.24
128,Cidreira,BR,1595039103,-30.18,-50.21,60.94,89,4,14.7
129,Nome,US,1595038914,64.5,-165.41,69.01,52,1,18.34
130,Frontera,MX,1595039103,26.93,-101.45,84.99,62,98,14.27
131,Cassilândia,BR,1595038817,-19.11,-51.73,68.68,41,0,4.29
132,Mogadishu,SO,1595038839,2.04,45.34,77.13,78,100,21.97
133,Mar del Plata,AR,1595038752,-38.0,-57.56,51.8,93,90,9.17
134,Tessalit,ML,1595039104,20.2,1.01,90.86,25,0,11.18
135,Manado,ID,1595039104,1.49,124.85,87.8,66,20,2.24
136,Nicoya,CR,1595039105,10.15,-85.45,76.6,83,6,2.3
137,Olovo,BA,1595039105,44.13,18.58,55.4,93,40,4.7
138,Pontal do Paraná,BR,1595039105,-25.65,-48.51,55.99,95,11,2.35
139,Khilok,RU,1595039105,51.37,110.47,61.95,56,52,9.82
140,Tiznit Province,MA,1595039106,29.58,-9.5,79.0,26,18,1.72
141,Ayan,RU,1595039106,56.45,138.17,56.17,89,78,7.02
142,Kazachinskoye,RU,1595039106,57.7,93.28,59.4,52,0,9.42
143,Contamana,PE,1595039106,-7.33,-75.02,74.5,82,1,0.89
144,Ambulu,ID,1595039106,-8.35,113.61,80.26,71,84,5.57
145,Srednekolymsk,RU,1595038923,67.45,153.68,62.47,41,63,12.77
146,Korla,CN,1595038843,41.76,86.15,87.35,17,39,5.82
147,Bluff,NZ,1595039107,-46.6,168.33,39.0,83,0,3.0
148,Clyde River,CA,1595038902,70.47,-68.59,39.2,93,1,11.41
149,Bahía Solano,CO,1595039107,6.23,-77.4,79.47,80,45,2.55
150,Isangel,VU,1595039107,-19.55,169.27,78.8,57,20,11.41
151,Imbituba,BR,1595038970,-28.24,-48.67,64.4,100,75,11.41
152,Narsaq,GL,1595039108,60.92,-46.05,51.8,53,96,8.05
153,Airai,TL,1595039108,-8.93,125.41,69.84,68,40,4.76
154,Vardø,NO,1595039108,70.37,31.11,56.53,81,100,9.75
155,Prado,BR,1595039108,-17.34,-39.22,67.86,72,0,6.06
156,Owando,CG,1595039109,-0.48,15.9,70.29,95,92,1.57
157,George Town,MY,1595039109,5.41,100.34,82.4,88,20,2.24
158,Craig,US,1595039109,40.52,-107.55,75.2,38,1,8.05
159,Pandamatenga,BW,1595039109,-18.53,25.63,42.78,72,0,6.2
160,Tuatapere,NZ,1595039109,-46.13,167.68,39.0,83,0,3.0
161,Prabumulih,ID,1595039109,-3.45,104.25,78.91,83,98,4.32
162,Padang,ID,1595039109,-0.95,100.35,82.31,73,76,2.17
163,Bilibino,RU,1595039109,68.05,166.44,63.84,58,59,10.83
164,Lagoa,PT,1595038925,39.05,-27.98,69.75,82,100,12.46
165,Morwell,AU,1595039110,-38.23,146.4,50.0,84,100,0.92
166,Nekā,IR,1595039110,36.65,53.3,73.4,83,0,2.24
167,Severo-Kuril'sk,RU,1595038908,50.68,156.12,53.17,81,100,9.71
168,Sisimiut,GL,1595039110,66.94,-53.67,51.39,67,42,2.24
169,Kaitangata,NZ,1595038899,-46.28,169.85,52.0,51,14,4.0
170,Plettenberg Bay,ZA,1595039111,-34.05,23.37,61.74,31,0,8.7
171,Alice Springs,AU,1595039043,-23.7,133.88,75.0,17,0,8.05
172,Tandil,AR,1595039111,-37.32,-59.13,53.01,86,100,3.0
173,Gaziantep,TR,1595039111,37.06,37.38,66.2,72,0,6.11
174,Upernavik,GL,1595038888,72.79,-56.15,46.22,58,100,7.74
175,Caravelas,BR,1595039111,-17.71,-39.25,68.2,70,0,5.61
176,Ambāgarh Chauki,IN,1595039112,20.78,80.72,80.42,74,63,8.86
177,Samarai,PG,1595039112,-10.62,150.67,76.44,84,100,14.74
178,Emba,KZ,1595039112,48.83,58.14,81.52,28,0,4.94
179,Barranca,PE,1595039112,-10.75,-77.77,57.27,89,31,6.89
180,Ambon City,ID,1595039112,-3.7,128.18,84.2,74,40,8.05
181,Umm Hājar,TD,1595039113,13.3,19.7,79.34,67,99,8.63
182,Agía Galíni,GR,1595039113,35.1,24.68,73.99,50,0,5.23
183,Piranshahr,IR,1595039113,36.7,45.14,66.38,40,11,4.45
184,Alofi,NU,1595039113,-19.06,-169.92,80.6,65,0,12.75
185,Ruteng,ID,1595039113,-8.61,120.47,73.11,73,35,2.26
186,Yaan,NG,1595039113,7.38,8.57,70.25,95,100,4.32
187,Jiayuguan City,CN,1595039053,39.82,98.3,71.74,35,0,7.67
188,Chemainus,CA,1595039114,48.92,-123.72,71.6,56,20,6.93
189,Lebu,CL,1595038924,-37.62,-73.65,53.31,84,63,20.49
190,Murovani Kurylivtsi,UA,1595039114,48.72,27.52,62.01,83,37,4.0
191,Matagami,CA,1595039114,49.75,-77.63,68.0,68,20,3.36
192,Malanje,AO,1595039003,-9.54,16.34,57.4,37,22,10.51
193,Katsuura,JP,1595039114,35.13,140.3,71.6,100,75,8.05
194,Venado Tuerto,AR,1595039114,-33.75,-61.97,53.01,86,100,8.99
195,Gayny,RU,1595039115,60.31,54.32,61.5,81,8,3.51
196,Lakes Entrance,AU,1595039115,-37.88,147.98,55.0,73,38,1.99
197,East London,ZA,1595038873,-33.02,27.91,62.76,26,0,5.03
198,Touros,BR,1595038912,-5.2,-35.46,73.4,100,75,4.7
199,Vanimo,PG,1595039115,-2.67,141.3,81.45,81,100,4.94
200,Pierre,US,1595039115,44.37,-100.35,89.6,40,1,3.36
201,Grindavik,IS,1595039115,63.84,-22.43,44.6,81,75,27.51
202,São Filipe,CV,1595039116,14.9,-24.5,75.07,75,5,8.19
203,Colesberg,ZA,1595039116,-30.72,25.1,35.26,76,0,3.0
204,Fortuna,US,1595038930,40.6,-124.16,61.0,82,20,11.41
205,Kieta,PG,1595039116,-6.22,155.63,84.33,68,48,4.76
206,Tahoua,NE,1595039116,14.89,5.27,77.0,88,100,6.93
207,Jumla,NP,1595039116,29.27,82.18,66.54,67,98,1.28
208,Maniitsoq,GL,1595038891,65.42,-52.9,52.95,66,55,6.42
209,Lanzhou,CN,1595039117,36.06,103.79,64.0,88,100,5.61
210,Luanda,AO,1595038895,-8.84,13.23,68.0,94,18,3.36
211,Kosh-Agach,RU,1595039117,50.0,88.67,64.2,53,0,2.13
212,Province of Mantua,IT,1595039117,45.17,10.78,66.99,78,100,5.01
213,Belyy Yar,RU,1595038955,53.6,91.39,62.6,67,40,11.18
214,Bartlesville,US,1595039117,36.75,-95.98,86.0,74,1,3.36
215,Salalah,OM,1595039117,17.02,54.09,82.4,83,40,5.82
216,Fairmont,US,1595039117,39.49,-80.14,75.99,80,100,3.06
217,Bela,IN,1595039118,25.93,81.98,89.91,64,46,3.31
218,Cranbrook,CA,1595038862,49.5,-115.77,68.0,52,40,4.7
219,Eureka,US,1595039118,40.8,-124.16,63.0,76,2,1.99
220,Cibitoke Province,BI,1595039118,-2.88,29.25,57.34,69,98,2.17
221,Waingapu,ID,1595039118,-9.66,120.26,82.74,63,25,12.39
222,Praia,CV,1595038907,14.92,-23.51,75.2,73,40,10.29
223,San Rafael,AR,1595039118,-34.62,-68.33,54.01,42,0,4.47
224,Ballina,AU,1595038981,-28.87,153.57,66.0,63,90,13.87
225,Kasempa,ZM,1595039118,-13.46,25.83,43.03,87,0,6.71
226,Nara,JP,1595039119,34.69,135.8,86.0,70,75,2.24
227,Mae Sai,TH,1595039119,20.43,99.88,84.0,78,20,4.7
228,Inírida,CO,1595038981,3.87,-67.92,73.35,93,67,1.32
229,Shelui,TZ,1595039119,-4.37,34.2,55.56,62,56,7.49
230,Sittwe,MM,1595039119,20.15,92.9,83.46,79,100,4.45
231,Klaksvík,FO,1595039119,62.23,-6.59,48.2,100,93,14.99
232,Arraial do Cabo,BR,1595038882,-22.97,-42.03,70.47,77,61,16.58
233,Haines Junction,CA,1595039120,60.75,-137.51,62.42,44,90,8.59
234,Madang,PG,1595039120,-5.22,145.8,78.71,89,100,6.69
235,Richards Bay,ZA,1595039120,-28.78,32.04,54.01,73,0,8.3
236,Yangcun,CN,1595039120,39.36,117.06,82.4,61,99,6.71
237,Russell,US,1595039120,32.35,-85.2,87.8,83,1,2.71
238,Sinnamary,GF,1595039121,5.38,-52.95,78.4,85,100,10.07
239,Praia da Vitória,PT,1595038913,38.73,-27.07,68.0,88,75,11.07
240,Mount Isa,AU,1595039121,-20.73,139.5,75.2,13,1,5.82
241,Tiarei,PF,1595039121,-17.53,-149.33,78.8,74,40,2.24
242,Bambanglipuro,ID,1595039121,-7.95,110.28,80.51,72,78,10.22
243,Nikolskoye,RU,1595038917,59.7,30.79,57.2,87,0,2.24
244,Necochea,AR,1595039041,-38.55,-58.74,52.0,90,100,8.01
245,Hailun,CN,1595039107,47.45,126.93,81.93,67,100,13.49
246,Rio Grande,BR,1595039096,-32.03,-52.1,55.99,98,58,3.0
247,Naze,JP,1595039122,28.37,129.48,82.4,94,75,5.82
248,La Ronge,CA,1595038998,55.1,-105.28,60.8,93,40,9.17
249,Deer Lake,CA,1595039122,49.17,-57.43,53.53,74,82,2.26
250,Flinders,AU,1595039122,-34.58,150.86,64.0,55,4,5.01
251,Saint-Philippe,RE,1595038912,-21.36,55.77,64.4,72,75,10.29
252,Zenzeli,RU,1595039123,45.92,47.05,76.19,29,51,5.57
253,Cairns,AU,1595038857,-16.92,145.77,77.0,50,20,13.87
254,San Cristobal,VE,1595039123,7.77,-72.22,66.69,92,67,4.18
255,Yining,CN,1595039123,29.04,114.56,90.86,57,60,8.19
256,Vidim,RU,1595039123,56.41,103.11,51.75,86,46,8.03
257,Quatre Cocos,MU,1595038926,-20.21,57.76,69.8,68,40,14.99
258,Jambi City,ID,1595039019,-1.6,103.62,79.43,84,100,3.49
259,Slave Lake,CA,1595038994,55.28,-114.77,66.2,59,1,12.75
260,Maracaju,BR,1595039124,-21.61,-55.17,70.07,49,5,6.06
261,Aklavik,CA,1595038931,68.22,-135.01,64.4,52,75,12.75
262,Portland,US,1595038274,45.52,-122.68,70.0,46,75,13.87
263,Itarema,BR,1595039124,-2.92,-39.92,77.27,83,0,10.98
264,Medak,IN,1595039125,18.03,78.27,75.0,74,91,1.01
265,Bethel,US,1595039125,41.37,-73.41,73.4,94,75,0.76
266,Valparaíso,CL,1595039097,-33.04,-71.63,53.6,93,90,4.7
267,Kavaratti,IN,1595038916,10.57,72.64,83.17,79,100,18.3
268,Amahai,ID,1595039125,-3.33,128.92,80.29,80,54,6.31
269,South Lake Tahoe,US,1595039125,38.93,-119.98,80.6,18,1,13.87
270,Lorengau,PG,1595039126,-2.02,147.27,83.82,74,100,8.72
271,Vao,NC,1595038931,-22.67,167.48,69.51,68,2,13.67
272,Champasak,LA,1595039126,14.75,106.0,84.2,74,20,2.24
273,Izhma,RU,1595039126,65.01,53.91,60.22,95,74,4.72
274,Pasni,PK,1595039127,25.26,63.47,89.38,66,0,10.0
275,Morondava,MG,1595039127,-20.28,44.28,66.83,57,0,14.9
276,Río Gallegos,AR,1595038902,-51.62,-69.22,35.6,100,90,9.17
277,Saldanha,ZA,1595039127,-33.01,17.94,51.8,66,0,5.82
278,Barillas,GT,1595039127,15.8,-91.32,61.5,92,73,2.15
279,Pitimbu,BR,1595039127,-7.47,-34.81,73.4,100,75,8.05
280,Leshukonskoye,RU,1595039128,64.9,45.76,52.61,94,5,3.87
281,Gorin,RU,1595039128,51.2,136.67,82.51,58,96,2.91
282,Provideniya,RU,1595038901,64.38,-173.3,50.34,89,100,3.24
283,Talwandi Bhai,IN,1595039128,30.85,74.93,92.08,51,80,8.08
284,Constitución,CL,1595038929,-35.33,-72.42,56.55,83,76,21.99
285,Palāsa,IN,1595039128,18.77,84.42,83.95,76,100,6.78
286,Bamako,ML,1595039042,12.65,-8.0,77.0,94,20,3.36
287,San Patricio,MX,1595038928,19.22,-104.7,82.4,69,40,2.62
288,Mahabalipuram,IN,1595039129,12.63,80.17,84.2,79,75,5.82
289,Rocha,UY,1595039129,-34.48,-54.33,57.22,93,92,12.39
290,Te Anau,NZ,1595038906,-45.42,167.72,42.66,63,0,1.39
291,Olavarría,AR,1595039102,-36.89,-60.32,50.04,95,100,13.18
292,Ketchikan,US,1595039129,55.34,-131.65,57.2,93,90,11.41
293,Wahiawā,US,1595039129,21.5,-158.02,87.01,55,20,9.17
294,Edmundston,CA,1595039129,47.37,-68.33,57.99,100,90,9.17
295,La Palma,US,1595039089,33.85,-118.05,78.8,54,1,6.93
296,Bayshore Gardens,US,1595039130,27.43,-82.59,77.0,88,1,5.82
297,Olafsvik,IS,1595038918,64.89,-23.71,45.52,80,68,31.79
298,Mujiayingzi,CN,1595039130,42.12,118.78,65.93,80,100,8.77
299,Cockburn Town,TC,1595039130,21.46,-71.14,83.57,78,0,17.34
300,Jām Sāhib,PK,1595039130,26.3,68.63,84.2,70,40,7.4
301,Cham,CH,1595039131,47.18,8.46,54.0,93,1,1.97
302,Kruisfontein,ZA,1595039083,-34.0,24.73,54.32,35,0,10.69
303,Phu Ly,VN,1595039131,20.54,105.91,91.02,57,100,9.57
304,Conde,BR,1595039131,-7.26,-34.91,73.4,100,75,8.05
305,Mossamedes,AO,1595038901,-15.2,12.15,67.55,56,0,3.02
306,Kigoma,TZ,1595039131,-4.88,29.63,60.8,82,35,7.25
307,Nemuro,JP,1595039131,43.32,145.57,71.6,68,20,11.41
308,Safaga,EG,1595039132,26.73,33.94,84.2,39,0,14.99
309,Kloulklubed,PW,1595039132,7.04,134.26,87.8,62,75,6.93
310,Yar-Sale,RU,1595039132,66.83,70.83,51.03,88,100,14.45
311,Fort-Shevchenko,KZ,1595039132,44.51,50.26,81.86,64,67,9.46
312,Muli,MV,1595039132,2.92,73.57,83.88,71,100,6.82
313,Matara,LK,1595039133,5.95,80.54,81.5,80,99,9.22
314,Southbridge,US,1595038937,42.08,-72.03,69.01,96,12,3.58
315,Lufilufi,WS,1595039133,-13.87,-171.6,78.01,94,37,8.01
316,Shingū,JP,1595038927,33.73,135.98,77.0,88,75,5.82
317,Chilca,PE,1595039133,-12.52,-76.74,60.8,77,40,6.93
318,Samfya,ZM,1595039133,-11.36,29.56,47.37,90,0,10.02
319,Mocuba,MZ,1595039134,-16.84,36.99,59.52,97,43,4.03
320,Iranshahr,IR,1595039134,27.2,60.68,91.4,38,11,5.75
321,Margate,GB,1595038978,51.38,1.39,61.0,91,11,1.01
322,Gogrial,SS,1595039134,8.53,28.1,70.32,94,82,3.83
323,Maués,BR,1595039134,-3.38,-57.72,74.73,87,97,1.16
324,Talnakh,RU,1595039134,69.49,88.4,48.2,87,75,15.66
325,Chokurdakh,RU,1595039044,70.63,147.92,57.69,46,0,7.61
326,Ulaanbaatar,MN,1595038912,47.91,106.88,59.0,51,40,4.47
327,Ţahţā,EG,1595039135,26.77,31.5,77.0,36,0,6.93
328,Srikakulam,IN,1595039135,18.3,83.9,84.16,77,100,6.91
329,São Félix do Xingu,BR,1595039135,-6.64,-51.99,72.7,63,0,2.1
330,Tura,IN,1595039135,25.52,90.22,78.6,92,100,6.02
331,Petropavlovsk-Kamchatskiy,RU,1595039135,53.05,158.65,75.2,53,83,6.71
332,Bathsheba,BB,1595038908,13.22,-59.52,82.4,74,75,14.99
333,Viedma,AR,1595039136,-40.81,-63.0,51.01,85,100,4.0
334,Tiksi,RU,1595039136,71.69,128.87,47.55,65,86,13.04
335,Omsukchan,RU,1595039005,62.53,155.8,54.72,60,92,17.09
336,Porto-Vecchio,FR,1595039136,41.59,9.28,68.0,93,0,3.36
337,Banda Aceh,ID,1595038939,5.56,95.32,82.67,70,99,3.71
338,San Jose,US,1595039082,37.34,-121.89,82.4,53,40,11.41
339,Brenham,US,1595039136,30.17,-96.4,82.4,78,1,6.93
340,Belaya Gora,RU,1595039137,68.53,146.42,63.45,41,11,6.85
341,Sakakah,SA,1595039137,29.97,40.21,87.8,11,0,5.82
342,Proletarsk,RU,1595039137,46.7,41.72,64.02,95,0,3.6
343,Iqaluit,CA,1595038886,63.75,-68.51,44.6,93,90,9.17
344,Finnsnes,NO,1595038941,69.23,17.98,51.8,93,99,9.17
345,Deep River,CA,1595038893,46.1,-77.5,75.2,50,1,6.02
346,Rizhao,CN,1595039137,35.43,119.46,72.1,94,100,18.19
347,Gallup,US,1595039048,35.53,-108.74,69.8,52,40,5.82
348,Dingle,PH,1595038894,11.0,122.67,85.03,74,100,9.86
349,Yagodnoye,RU,1595039138,62.55,149.67,50.88,75,100,5.66
350,Faanui,PF,1595038910,-16.48,-151.75,77.05,83,99,17.78
351,Tabanan,ID,1595039138,-8.54,115.13,82.4,88,40,13.87
352,Labuhan,ID,1595039138,-6.88,112.21,82.04,70,61,12.06
353,Boali,CF,1595039138,4.8,18.13,75.2,94,20,1.23
354,Saint-Pierre,RE,1595039138,-21.34,55.48,64.4,72,75,10.29
355,Izazi,TZ,1595039139,-7.2,35.73,53.6,66,5,10.29
356,Kondinskoye,RU,1595038914,59.65,67.41,75.49,66,0,7.72
357,Kiryat Gat,IL,1595039139,31.61,34.76,73.0,80,1,6.53
358,Markova,UA,1595039139,48.68,24.41,53.64,90,87,2.3
359,Acajutla,SV,1595038935,13.59,-89.83,79.0,77,2,3.0
360,Teknāf,BD,1595039139,20.86,92.31,83.37,82,79,6.62
361,Totskoye,RU,1595039140,52.52,52.76,67.68,88,69,8.08
362,Filimonovo,RU,1595039140,56.2,95.46,58.03,63,99,6.13
363,College,US,1595038903,64.86,-147.8,69.8,52,75,10.29
364,Daru,PG,1595038932,-9.08,143.21,78.39,78,87,16.26
365,Smithers,CA,1595039140,54.78,-127.17,66.2,55,40,9.17
366,Livingston,GB,1595039141,55.9,-3.52,55.99,93,90,8.05
367,Hong Kong,HK,1595039078,22.29,114.16,90.0,62,92,15.01
368,Khuzhir,RU,1595039141,53.19,107.34,56.19,71,4,6.69
369,Hede,CN,1595039141,33.77,120.25,74.41,98,100,9.48
370,Pisco,PE,1595038895,-13.7,-76.22,60.8,82,40,12.75
371,Shimoda,JP,1595039141,34.67,138.95,69.8,100,75,6.93
372,Vostok,RU,1595039141,46.49,135.88,82.96,48,0,3.44
373,Jiuquan,CN,1595039142,39.74,98.52,73.06,36,0,6.13
374,Ikot Ekpene,NG,1595039142,5.18,7.71,72.41,96,100,0.92
375,Gorahun,SL,1595039142,7.47,-11.24,71.35,97,100,2.39
376,São Miguel do Tapuio,BR,1595039142,-5.5,-41.32,72.25,49,0,4.63
377,Cayenne,GF,1595038910,4.93,-52.33,75.2,100,99,9.48
378,Chara,RU,1595039143,56.91,118.26,56.88,80,100,2.73
379,Batagay,RU,1595039143,67.63,134.63,62.08,60,97,6.22
380,Saquarema,BR,1595039143,-22.92,-42.51,71.6,78,40,5.82
381,Mackenzie,CA,1595039143,55.3,-123.17,64.4,68,90,2.24
382,Okhotsk,RU,1595039143,59.38,143.3,59.29,85,93,6.4
383,Erenhot,CN,1595038904,43.65,111.98,73.49,37,24,13.56
384,Wamba,NG,1595039144,8.93,8.6,69.3,92,100,2.42
385,Manokwari,ID,1595039144,-0.87,134.08,81.25,74,100,3.87
386,Kindu,CD,1595039144,-2.95,25.95,68.05,68,30,2.84
387,Kalmunai,LK,1595039144,7.42,81.82,83.44,70,98,4.54
388,Geraldton,AU,1595039144,-28.77,114.6,57.2,76,40,10.29
389,Ancud,CL,1595039144,-41.87,-73.82,50.0,93,75,11.41
390,Goderich,CA,1595039145,43.75,-81.72,75.99,67,0,11.79
391,Staunton,US,1595039051,38.15,-79.07,77.0,83,1,9.17
392,Kamaishi,JP,1595039145,39.27,141.88,69.8,94,75,5.82
393,Magdagachi,RU,1595039145,53.45,125.8,80.74,60,100,3.2
394,Cherskiy,RU,1595038877,68.75,161.3,63.21,56,91,8.39
395,Parabel',RU,1595039145,58.7,81.48,63.19,65,59,3.67
396,Dali,CN,1595039145,25.7,100.18,65.1,86,100,4.97
397,Maragogi,BR,1595039145,-9.01,-35.22,74.61,85,70,15.23
398,Kindersley,CA,1595039146,51.47,-109.17,68.0,72,75,10.29
399,Port Hedland,AU,1595039146,-20.32,118.57,78.8,61,40,5.82
400,Los Llanos de Aridane,ES,1595039146,28.66,-17.92,79.0,88,59,11.41
401,Wewak,PG,1595039146,-3.55,143.63,83.23,71,100,4.34
402,Fulton,US,1595038994,33.77,-84.45,87.01,58,20,8.01
403,Behbahān,IR,1595039146,30.6,50.24,89.6,66,0,4.7
404,Ilebo,CD,1595039147,-4.32,20.58,69.12,65,35,0.85
405,Shakawe,BW,1595038983,-18.37,21.85,42.22,64,0,4.56
406,Lata,PT,1595039147,40.16,-8.33,72.0,69,0,2.26
407,Sechura,PE,1595039147,-5.56,-80.82,64.13,78,0,12.91
408,Rome,US,1595038902,43.21,-75.46,68.0,88,1,4.7
409,Santa Cruz de la Sierra,BO,1595039147,-17.8,-63.17,71.6,88,0,6.93
410,Santiago del Estero,AR,1595039147,-27.8,-64.26,65.37,65,0,6.04
411,St. Pete Beach,US,1595039148,27.73,-82.74,80.6,83,1,9.17
412,Vittoria,IT,1595039148,36.95,14.53,66.99,88,0,1.12
413,Port-Gentil,GA,1595039148,-0.72,8.78,74.39,89,59,15.35
414,Gaoyou,CN,1595039148,32.79,119.43,81.0,90,100,1.01
415,Zhaotong,CN,1595039148,27.32,103.72,67.24,83,93,3.36
416,Redmond,US,1595039005,47.67,-122.12,70.0,72,3,4.47
417,Caucaia,BR,1595039031,-3.74,-38.65,80.6,78,40,9.17
418,Puerto Escondido,MX,1595039149,15.85,-97.07,81.68,79,50,6.08
419,San Joaquin,VE,1595039149,10.26,-67.79,74.66,83,25,2.39
420,Acapulco de Juárez,MX,1595039149,16.86,-99.89,84.2,74,20,6.93
421,Nanortalik,GL,1595038890,60.14,-45.24,45.64,70,100,9.95
422,General Roca,AR,1595039149,-39.03,-67.58,41.0,93,89,2.24
423,Darhan,MN,1595039150,49.49,105.92,64.99,54,38,5.14
424,Puri,IN,1595039150,19.8,85.85,84.2,83,40,10.29
425,Atbasar,KZ,1595039150,51.8,68.33,77.18,63,76,15.73
426,Bubaque,GW,1595038919,11.28,-15.83,79.29,82,100,18.66
427,Maralal,KE,1595039150,1.1,36.7,57.13,85,100,2.06
428,Abnūb,EG,1595039150,27.27,31.15,77.0,53,0,8.05
429,San Blas,MX,1595039150,21.52,-105.27,77.0,78,75,11.41
430,Sirte,LY,1595039150,31.21,16.59,76.05,80,0,6.67
431,Auki,SB,1595039151,-8.77,160.7,86.07,63,100,3.13
432,Garden City,US,1595039151,42.33,-83.33,81.0,69,40,5.82
433,Atambua,ID,1595038931,-9.11,124.89,82.18,58,14,3.02
434,Carballo,ES,1595039151,43.21,-8.69,64.99,77,0,3.36
435,Porvoo,FI,1595039151,60.39,25.67,53.6,100,34,1.12
436,Paraná,AR,1595039036,-31.73,-60.52,55.0,97,100,3.0
437,Kensington,AU,1595039151,-33.92,151.22,62.01,67,75,5.82
438,Heilbron,ZA,1595039152,-27.28,27.97,39.87,53,0,6.17
439,Tucuruí,BR,1595039152,-3.77,-49.67,75.38,67,0,2.48
440,Zhigansk,RU,1595039152,66.77,123.37,57.72,98,100,6.15
441,Najrān,SA,1595039152,17.49,44.13,89.6,21,75,5.82
442,Manaure,CO,1595039152,11.78,-72.44,82.27,73,17,15.26
443,Lar,IN,1595039152,26.2,83.97,88.95,64,90,8.41
444,Sambava,MG,1595039152,-14.27,50.17,67.23,80,11,17.0
445,Téra,NE,1595039153,14.01,0.75,84.87,58,5,13.44
446,Coquimbo,CL,1595039153,-29.95,-71.34,51.8,81,90,6.93
447,Husavik,IS,1595038940,66.04,-17.34,42.8,87,90,19.46
448,Palmer,US,1595039153,42.16,-72.33,71.6,94,20,3.36
449,Tongren,CN,1595039153,27.72,109.19,78.06,90,100,2.3
450,Aksay,RU,1595039153,47.26,39.87,63.0,93,20,8.95
451,Ganj Dundwāra,IN,1595039153,27.73,78.95,91.47,55,4,4.63
452,Nirsā,IN,1595039154,23.78,86.72,85.33,75,65,7.45
453,Ust-Tsilma,RU,1595039154,65.44,52.15,58.71,93,80,3.29
454,Fairbanks,US,1595038912,64.84,-147.72,69.8,49,75,13.87
455,Mezhdurechenskiy,RU,1595038867,59.6,65.93,75.94,66,0,6.85
456,Bang Saphan,TH,1595039154,11.21,99.51,87.8,74,20,4.7
457,Kulhudhuffushi,MV,1595039154,6.62,73.07,83.41,75,100,17.69
458,Calama,CL,1595038983,-22.47,-68.93,44.6,11,40,16.11
459,Coos Bay,US,1595038941,43.37,-124.22,66.0,77,1,24.16
460,Chapleau,CA,1595039155,47.84,-83.4,69.8,56,5,4.7
461,Tokur,RU,1595039155,53.13,132.9,79.83,57,82,5.48
462,Pedernales,DO,1595039155,18.04,-71.74,81.3,69,11,6.44
463,Alcañiz,ES,1595039155,41.05,-0.13,64.99,63,0,11.83
464,Chapais,CA,1595039155,49.78,-74.85,60.8,93,20,5.82
465,Ambilobe,MG,1595039155,-13.2,49.05,63.34,81,0,3.51
466,Cascais,PT,1595039155,38.7,-9.42,73.99,50,0,5.99
467,Antofagasta,CL,1595038982,-23.65,-70.4,57.2,71,90,8.05
468,Makakilo City,US,1595038905,21.35,-158.09,87.8,66,1,13.87
469,Zheshart,RU,1595039156,62.07,49.57,59.29,87,0,3.11
470,Barabai,ID,1595038948,-2.58,115.38,87.03,65,1,0.36
471,Ystad,SE,1595039156,55.43,13.82,55.0,93,20,2.24
472,Alta Floresta,BR,1595039156,-9.88,-56.09,77.74,49,15,2.55
473,Vágur,FO,1595039156,61.47,-6.81,51.46,81,97,27.42
474,Dungarvan,IE,1595039012,52.09,-7.63,60.01,88,100,5.01
475,Laas,IT,1595039157,46.62,10.7,52.0,93,40,3.36
476,Yangi Marg`ilon,UZ,1595039157,40.43,71.72,78.8,39,40,9.17
477,Masunga,BW,1595039157,-20.62,27.45,42.06,80,0,9.04
478,Anse-Bertrand,GP,1595039157,16.47,-61.51,77.0,78,2,3.36
479,Hervey Bay,AU,1595039157,-25.3,152.85,70.0,50,1,8.01
480,Celestún,MX,1595038921,20.87,-90.4,81.73,80,0,15.93
481,Hammerfest,NO,1595039158,70.66,23.68,59.0,87,75,12.75
482,Vryburg,ZA,1595039158,-26.96,24.73,33.44,81,0,2.19
483,Westport,US,1595039158,41.14,-73.36,75.2,94,75,3.36
484,Isla Mujeres,MX,1595039158,21.23,-86.73,82.4,83,75,3.36
485,Nanchang,CN,1595039158,28.68,115.88,88.74,67,100,12.71
486,Noumea,NC,1595039158,-22.28,166.46,77.0,47,0,9.17
487,Andenes,NO,1595039158,69.31,16.12,50.0,93,86,5.82
488,Coruripe,BR,1595038969,-10.13,-36.18,74.26,80,62,14.14
489,Rovaniemi,FI,1595039159,66.5,25.72,57.2,82,100,8.05
490,Wuwei,CN,1595039159,37.93,102.64,75.0,49,0,9.51
491,Puerto Ayora,EC,1595038904,-0.74,-90.35,69.01,90,26,3.0
492,Ponta do Sol,PT,1595038892,32.67,-17.1,70.0,38,1,1.01
493,Sitka,US,1595039159,57.05,-135.33,55.4,93,90,3.94
494,Alexandria,EG,1595038968,31.22,29.96,77.0,73,0,8.05
495,Faya,SA,1595039160,18.39,42.45,69.8,43,33,8.88
496,Ajdabiya,LY,1595039160,30.76,20.23,70.68,71,0,7.4
497,Christchurch,NZ,1595039160,-43.53,172.63,52.0,93,100,3.36
498,Asău,RO,1595038911,46.43,26.4,55.99,95,95,3.13
499,Moerai,PF,1595039160,-22.43,-151.33,69.33,60,32,12.91
500,Severo-Yeniseyskiy,RU,1595038866,60.37,93.04,51.28,64,68,11.7
501,La Macarena,CO,1595039160,2.18,-73.78,71.2,94,99,0.4
502,Melo,UY,1595039161,-32.37,-54.18,55.49,95,37,7.94
503,Dukhovnitskoye,RU,1595039161,52.48,48.21,63.16,79,91,9.84
504,Aksu,CN,1595038625,41.12,80.26,79.48,38,100,10.27
505,Emerald,AU,1595038921,-23.53,148.17,68.0,32,0,9.17
506,Bartica,GY,1595039161,6.4,-58.62,75.2,100,20,2.1
507,Boshnyakovo,RU,1595039161,49.63,142.17,61.3,94,100,4.43
508,Kifrī,IQ,1595039162,34.7,44.97,85.23,15,0,5.28
509,Hachinohe,JP,1595039162,40.5,141.5,68.0,88,90,14.99
510,Frolishchi,RU,1595039162,56.42,42.65,53.96,98,15,3.94
511,Berezovyy,RU,1595039162,51.67,135.7,82.72,53,98,3.67
512,Kirakira,SB,1595039162,-10.45,161.92,83.05,75,100,10.02
513,Grand Gaube,MU,1595039163,-20.01,57.66,66.0,75,6,4.0
514,Usevya,TZ,1595039163,-7.1,31.23,57.02,60,35,6.31
515,Neiafu,TO,1595039163,-18.65,-173.98,80.6,78,75,13.87
516,Okato,NZ,1595039163,-39.2,173.88,55.0,78,100,11.01
517,Khovu-Aksy,RU,1595039163,51.13,93.6,65.66,56,35,3.29
518,Kibala,TD,1595039163,9.11,18.35,71.62,95,100,3.31
519,Paamiut,GL,1595039164,61.99,-49.67,47.01,72,100,3.4
520,Billings Metropolitan Area,US,1595038940,45.78,-108.5,78.01,38,75,19.46
521,Jieshi,CN,1595039164,22.81,115.83,85.86,78,92,12.15
522,Oranjestad,AW,1595039164,12.52,-70.03,82.4,78,20,21.92
523,Ciudad del Maíz,MX,1595039164,22.4,-99.6,79.0,44,28,11.01
524,Indramayu,ID,1595039165,-6.33,108.32,82.83,66,40,8.16
525,Florianópolis,BR,1595039165,-27.61,-48.5,64.4,100,75,11.41
526,Gwanda,ZW,1595039165,-20.93,29.0,43.11,83,0,3.65
527,Gikongoro,RW,1595039165,-2.46,29.57,52.83,66,79,2.71
528,Navahrudak,BY,1595039165,53.6,25.83,52.86,92,35,4.14
529,Aniva,RU,1595039165,46.71,142.53,75.2,69,40,13.42
530,Kununurra,AU,1595039166,-15.77,128.73,82.4,16,0,5.82
531,Scottsbluff,US,1595039166,41.87,-103.67,87.8,35,1,5.41
532,Lixouri,GR,1595039166,38.2,20.43,68.0,82,0,7.85
533,Kjøllefjord,NO,1595039166,70.95,27.35,57.78,83,100,9.6
534,Palana,RU,1595038936,59.12,159.97,45.99,100,100,16.67
535,Delta del Tigre,UY,1595039166,-34.76,-56.39,59.0,82,90,13.87
536,Montoro,ES,1595039166,38.02,-4.38,80.6,51,0,6.93
537,Paphos,CY,1595039167,34.77,32.42,68.0,82,0,6.93
538,Brae,GB,1595039167,60.4,-1.35,51.8,93,61,8.05
539,Okmulgee,US,1595039167,35.62,-95.96,86.0,66,1,9.17
540,Esperance,AU,1595038911,-33.87,121.9,48.2,87,31,16.11
541,Ponta Delgada,PT,1595039167,37.73,-25.67,68.0,82,75,8.05
542,Agadez,NE,1595039167,19.75,10.25,85.26,14,4,11.59
543,El Batey,DO,1595039167,19.77,-70.52,82.99,83,20,11.14
544,Hamilton,US,1595039168,39.18,-84.53,80.01,69,20,2.64
545,Nichinan,JP,1595039168,31.6,131.37,78.8,78,75,8.05
546,Derzhavīnsk,KZ,1595039168,51.1,66.32,77.05,62,67,16.28
547,Florina,GR,1595039168,40.78,21.41,62.6,93,20,3.36
548,Sioux Lookout,CA,1595038907,50.1,-91.92,75.2,60,90,3.36
549,Altagracia de Orituco,VE,1595039168,9.86,-66.38,72.23,93,98,2.53
550,Jackson,US,1595039168,42.42,-122.83,86.0,27,1,13.87
551,Būlaevo,KZ,1595039169,54.91,70.44,76.05,81,100,6.67
552,Chenzhou,CN,1595039169,25.8,113.03,89.92,55,100,9.71
553,Novobirilyussy,RU,1595039169,56.95,90.67,58.53,57,0,6.06
554,Raja,SS,1595039169,8.46,25.68,68.07,94,99,4.61
555,Murdochville,CA,1595039169,48.96,-65.5,52.0,97,100,6.46
556,Nagua,DO,1595039169,19.38,-69.85,78.48,84,0,6.82
557,Sabang,ID,1595039170,5.89,95.32,81.81,73,100,5.86
558,Pozo Colorado,PY,1595039003,-23.49,-58.8,73.26,50,47,7.78
559,Taoudenni,ML,1595039002,22.68,-3.98,97.74,20,0,8.14
560,Berlevåg,NO,1595039170,70.86,29.09,57.79,78,100,9.4
561,‘Ewa Beach,US,1595038886,21.32,-158.01,87.8,66,1,13.87
562,Lambari,BR,1595039170,-21.98,-45.35,58.98,84,2,2.71
563,Kudahuvadhoo,MV,1595039171,2.67,72.89,83.93,71,100,7.4
564,Nelson Bay,AU,1595039171,-32.72,152.15,61.0,77,40,6.93
565,Ulladulla,AU,1595039171,-35.35,150.47,60.8,44,0,9.17
566,Lompoc,US,1595039008,34.64,-120.46,66.2,68,25,11.41
567,Presidente Médici,BR,1595039171,-11.18,-61.9,73.76,55,0,1.9
568,Washington,US,1595039171,47.5,-120.5,80.6,30,1,21.92
569,Mayo,US,1595039056,38.89,-76.51,82.99,94,40,3.36
570,High Rock,BS,1595039172,26.62,-78.28,83.57,79,100,18.48
571,Naantali,FI,1595039172,60.47,22.02,62.6,77,84,8.05
572,Shikarpur,PK,1595039172,27.96,68.64,91.4,63,40,4.7
573,Ferme-Neuve,CA,1595039172,46.7,-75.45,68.09,67,22,5.35
574,Hofn,IS,1595038927,64.25,-15.21,51.37,70,100,14.05
