,City,Country,Date,Latitude,Longitude,Temperature,Humidity,Cloudy,Wind Speed
0,Esperance,AU,1595033503,-33.87,121.9,44.6,87,28,14.99
1,Iqaluit,CA,1595033443,63.75,-68.51,42.8,93,90,12.75
2,Ushuaia,AR,1595033417,-54.8,-68.3,23.65,92,100,0.69
3,Yangi Marg`ilon,UZ,1595033287,40.43,71.72,77.0,50,20,4.7
4,Comodoro Rivadavia,AR,1595033513,-45.87,-67.5,44.6,87,63,2.24
5,Nikolskoye,RU,1595033259,59.7,30.79,55.4,87,0,4.47
6,Tezu,IN,1595033319,27.92,96.17,75.99,85,100,0.31
7,Paamiut,GL,1595033454,61.99,-49.67,47.43,71,100,4.5
8,Busselton,AU,1595033224,-33.65,115.33,50.0,90,40,10.96
9,Jamestown,US,1595033258,42.1,-79.24,75.2,60,1,4.7
10,Zhuhai,CN,1595033613,22.28,113.57,91.99,74,20,10.29
11,Mahébourg,MU,1595033482,-20.41,57.7,69.8,68,75,13.87
12,Hermanus,ZA,1595033298,-34.42,19.23,60.53,44,0,8.59
13,Alekseyevskaya,RU,1595033613,50.29,42.18,61.0,89,100,3.0
14,Moore,US,1595033613,35.34,-97.49,93.2,44,1,14.99
15,George Town,MY,1595033392,5.41,100.34,80.6,94,20,5.26
16,Port Hardy,CA,1595033489,50.7,-127.42,64.4,63,20,17.22
17,Kralendijk,BQ,1595033614,12.15,-68.27,82.4,74,0,17.22
18,Riviere-au-Renard,CA,1595033614,49.0,-64.4,62.6,82,90,3.36
19,Hasaki,JP,1595033614,35.73,140.83,66.2,100,75,6.93
20,Hithadhoo,MV,1595033427,-0.6,73.08,83.91,75,96,11.23
21,Ajdabiya,LY,1595033614,30.76,20.23,71.76,68,0,8.86
22,Rabo de Peixe,PT,1595033614,37.8,-25.58,69.8,77,75,6.93
23,Sychëvka,RU,1595033614,55.83,34.27,49.35,91,24,5.37
24,Punta Arenas,CL,1595033429,-53.15,-70.92,32.0,94,100,9.17
25,Bredasdorp,ZA,1595033261,-34.53,20.04,46.4,75,0,10.29
26,Beira,MZ,1595033615,-19.84,34.84,68.0,77,40,12.75
27,Umm Kaddadah,SD,1595033615,13.6,26.69,83.17,49,12,3.62
28,Tasiilaq,GL,1595033440,65.61,-37.64,46.4,70,0,6.93
29,New Norfolk,AU,1595033439,-42.78,147.06,41.0,87,100,3.4
30,Haifa,IL,1595033616,32.82,34.99,73.26,78,0,6.31
31,Mhango,TZ,1595033616,-3.28,32.85,55.76,56,100,7.0
32,Pozo Colorado,PY,1595033616,-23.49,-58.8,74.26,49,91,7.25
33,Tuktoyaktuk,CA,1595033450,69.45,-133.04,48.2,76,75,13.87
34,Vaini,TO,1595033297,-21.2,-175.2,78.8,83,75,11.41
35,Marzuq,YE,1595033616,14.4,46.47,85.71,30,100,4.09
36,Saint Paul Harbor,US,1595033441,57.79,-152.41,57.2,76,90,10.29
37,Mataura,NZ,1595033228,-46.19,168.86,39.0,83,0,3.0
38,Airai,TL,1595033449,-8.93,125.41,67.1,79,42,4.38
39,Brae,GB,1595033487,60.4,-1.35,53.6,93,88,6.93
40,Ust-Maya,RU,1595033617,60.42,134.53,82.92,50,0,8.86
41,Victor Harbor,AU,1595033617,-35.57,138.62,60.01,49,88,1.01
42,Qaanaaq,GL,1595033446,77.48,-69.36,45.66,72,100,10.38
43,Deshnok,IN,1595033617,27.8,73.34,92.68,51,87,5.84
44,San Cristobal,VE,1595033617,7.77,-72.22,67.66,92,79,3.98
45,Mar del Plata,AR,1595033397,-38.0,-57.56,51.01,93,75,10.29
46,Wawa,NG,1595033617,9.9,4.42,72.3,94,89,5.7
47,Collie,AU,1595033618,-33.37,116.15,50.0,89,0,4.47
48,Souillac,MU,1595033247,-20.52,57.52,69.8,68,75,13.87
49,Arraial do Cabo,BR,1595033228,-22.97,-42.03,68.0,82,75,8.05
50,De Aar,ZA,1595033618,-30.65,24.01,39.34,62,0,3.78
51,Kahului,US,1595033300,20.89,-156.47,95.0,44,40,19.46
52,Auki,SB,1595033375,-8.77,160.7,85.68,64,100,3.71
53,Cape Town,ZA,1595033259,-33.93,18.42,60.01,44,0,14.99
54,Clyde River,CA,1595033479,70.47,-68.59,41.0,93,1,14.99
55,Honiara,SB,1595033271,-9.43,159.95,87.8,66,75,9.17
56,Upernavik,GL,1595033430,72.79,-56.15,46.4,57,100,8.75
57,Puerto Escondido,MX,1595033166,15.85,-97.07,86.0,70,75,8.05
58,Barinas,VE,1595033619,8.62,-70.21,75.61,89,62,1.16
59,Urubichá,BO,1595033619,-15.38,-62.95,74.53,50,0,2.21
60,Ahipara,NZ,1595033493,-35.17,173.17,64.8,77,73,7.43
61,Mossamedes,AO,1595033344,-15.2,12.15,68.16,54,0,5.35
62,Port Augusta,AU,1595033506,-32.5,137.77,57.2,44,100,19.46
63,Rikitea,PF,1595033303,-23.12,-134.97,73.33,84,100,14.09
64,Barrow,US,1595033258,71.29,-156.79,39.2,85,90,14.99
65,Eureka,US,1595033337,40.8,-124.16,66.0,26,2,1.99
66,Albany,US,1595033425,42.6,-73.97,79.0,63,0,6.62
67,Na Wa,TH,1595033620,17.49,104.1,86.0,79,20,1.12
68,Benjamin Constant,BR,1595033620,-4.38,-70.03,78.8,88,99,4.7
69,Lorengau,PG,1595033305,-2.02,147.27,84.29,73,100,10.83
70,Gōtsuchō,JP,1595033531,35.0,132.22,75.2,83,75,5.82
71,Beaufort,MY,1595033620,5.35,115.75,84.2,83,20,2.24
72,Hualmay,PE,1595033284,-11.1,-77.61,59.02,82,4,8.86
73,Zhalantun,CN,1595033621,48.0,122.72,79.23,64,100,5.35
74,Carauari,BR,1595033621,-4.88,-66.9,78.08,72,63,1.61
75,Kavieng,PG,1595033265,-2.57,150.8,83.01,76,100,10.74
76,Dikson,RU,1595033450,73.51,80.55,40.42,95,39,10.0
77,Mount Gambier,AU,1595033269,-37.83,140.77,50.0,66,100,14.99
78,La Libertad,EC,1595033621,-2.23,-80.9,71.6,83,75,9.17
79,Gualeguaychú,AR,1595033621,-33.01,-58.52,52.0,90,100,3.0
80,Lüderitz,NA,1595033247,-26.65,15.16,62.6,29,0,2.24
81,Gazimurskiy Zavod,RU,1595033622,51.55,118.33,72.41,54,99,1.61
82,Dumai,ID,1595033347,1.68,101.45,77.45,89,80,2.19
83,Beringovskiy,RU,1595033325,63.05,179.32,54.32,77,84,8.63
84,Faanui,PF,1595033432,-16.48,-151.75,76.86,82,100,17.2
85,Keetmanshoop,NA,1595033622,-26.58,18.13,53.6,16,0,11.41
86,Sémbé,CG,1595033622,1.65,14.58,69.57,93,84,2.53
87,Talnakh,RU,1595033430,69.49,88.4,48.2,87,75,15.66
88,Kapaa,US,1595033443,22.08,-159.32,86.0,74,20,9.17
89,Loukhi,RU,1595033623,66.08,33.04,54.61,67,71,5.64
90,Lensk,RU,1595033439,60.73,114.93,59.31,71,98,9.66
91,Saint-Philippe,RE,1595033336,-21.36,55.77,66.2,72,90,4.7
92,Gijang,KR,1595033623,35.24,129.21,75.2,69,40,5.82
93,Ilulissat,GL,1595033445,69.22,-51.1,53.6,58,81,4.7
94,Saldanha,ZA,1595033262,-33.01,17.94,53.6,66,0,4.7
95,Bluff,NZ,1595033261,-46.6,168.33,39.0,83,0,3.0
96,Kawalu,ID,1595033624,-7.38,108.21,73.74,89,67,3.74
97,College,US,1595033532,64.86,-147.8,69.8,52,75,10.29
98,Nyurba,RU,1595033624,63.28,118.33,63.14,75,88,6.58
99,Severo-Kuril'sk,RU,1595033310,50.68,156.12,52.65,84,99,10.49
100,Wajir,KE,1595033624,1.75,40.06,70.56,58,100,11.39
101,Zhigansk,RU,1595033624,66.77,123.37,57.51,98,100,6.6
102,Chokurdakh,RU,1595033233,70.63,147.92,57.33,44,0,7.76
103,Marsá Maţrūḩ,EG,1595033624,31.35,27.25,73.4,83,0,7.36
104,Cidreira,BR,1595033443,-30.18,-50.21,60.69,88,0,13.76
105,Hilo,US,1595033433,19.73,-155.09,86.0,62,20,11.41
106,Chui,UY,1595033490,-33.7,-53.46,57.49,94,93,9.8
107,Bethel,US,1595033494,41.37,-73.41,77.0,83,75,4.7
108,Carnarvon,AU,1595033222,-24.87,113.63,53.6,87,0,8.05
109,Ponta do Sol,PT,1595033431,32.67,-17.1,71.01,72,0,0.65
110,Nemuro,JP,1595033625,43.32,145.57,66.2,82,75,12.75
111,Moose Factory,CA,1595033625,51.26,-80.61,77.0,44,40,12.75
112,St. George's,GD,1595033385,12.06,-61.75,82.4,83,20,9.17
113,Faya,SA,1595033266,18.39,42.45,69.8,45,47,6.96
114,Port Lincoln,AU,1595033334,-34.73,135.87,60.31,47,88,21.88
115,Bambous Virieux,MU,1595033456,-20.34,57.76,69.8,68,75,13.87
116,Nouadhibou,MR,1595033626,20.93,-17.03,69.8,94,75,12.75
117,Hobart,AU,1595033165,-42.88,147.33,44.6,70,75,9.17
118,Lebu,CL,1595033486,-37.62,-73.65,52.72,83,87,19.73
119,Avarua,CK,1595033263,-21.21,-159.78,75.2,57,22,9.17
120,Buraidah,SA,1595033626,26.33,43.98,89.6,21,10,4.7
121,Goderich,CA,1595033626,43.75,-81.72,82.0,57,0,1.01
122,Ballina,AU,1595033302,-28.87,153.57,63.0,63,90,11.41
123,Reconquista,AR,1595033627,-29.15,-59.65,66.22,96,1,9.42
124,Majene,ID,1595033627,-3.54,118.97,81.27,80,1,8.77
125,Pangnirtung,CA,1595033454,66.15,-65.71,58.39,55,100,1.61
126,Belaya Gora,RU,1595033627,68.53,146.42,61.5,44,1,6.13
127,Richards Bay,ZA,1595033455,-28.78,32.04,54.61,78,0,7.92
128,Sur,OM,1595033495,22.57,59.53,86.56,63,83,3.53
129,Mizdah,LY,1595033627,31.45,12.98,71.17,70,0,10.42
130,Anloga,GH,1595033628,5.79,0.9,75.2,94,40,6.93
131,Provideniya,RU,1595033451,64.38,-173.3,50.61,89,98,4.29
132,Dehlorān,IR,1595033628,32.69,47.27,94.78,14,1,5.75
133,São Filipe,CV,1595033430,14.9,-24.5,75.15,77,10,7.92
134,East London,ZA,1595033429,-33.02,27.91,63.27,25,0,4.81
135,Homer,US,1595033371,59.64,-151.55,66.2,63,75,9.17
136,Tombouctou,ML,1595033628,20.0,-3.0,98.56,19,0,8.28
137,Whitianga,NZ,1595033628,-36.83,175.7,64.0,76,100,3.0
138,Shingū,JP,1595033628,33.73,135.98,75.2,94,75,3.36
139,Pevek,RU,1595033234,69.7,170.31,46.29,75,48,2.44
140,Yellowknife,CA,1595033296,62.46,-114.35,69.8,43,75,10.29
141,Saint-Joseph,RE,1595033302,-21.37,55.62,66.2,72,90,4.7
142,Grindavik,IS,1595033629,63.84,-22.43,44.6,75,40,26.4
143,Japura,ID,1595033629,-0.32,102.35,76.82,93,43,2.46
144,Nanortalik,GL,1595033491,60.14,-45.24,45.9,70,100,10.2
145,San Rafael,AR,1595033434,-34.62,-68.33,55.29,40,0,3.78
146,Tura,IN,1595033251,25.52,90.22,76.55,95,100,5.1
147,Bengkulu,ID,1595033167,-3.8,102.27,78.46,78,94,3.78
148,Leningradskiy,RU,1595033504,69.38,178.42,38.84,80,92,15.86
149,Castro,BR,1595033258,-24.79,-50.01,57.72,90,0,2.01
150,Lata,PT,1595033548,40.16,-8.33,73.99,65,0,2.24
151,Muros,ES,1595033428,42.78,-9.06,71.01,58,0,1.01
152,Butaritari,KI,1595033232,3.07,172.79,83.53,75,16,15.28
153,Davidson,US,1595033630,36.15,-86.78,89.6,74,1,3.36
154,Constitución,CL,1595033213,-35.33,-72.42,56.25,85,99,21.59
155,Pervomayskiy,RU,1595033630,53.25,40.29,55.67,92,100,3.47
156,Akureyri,IS,1595033630,65.68,-18.09,42.8,87,90,17.22
157,Fort Saint James,CA,1595033631,54.43,-124.25,71.51,37,22,7.9
158,Salalah,OM,1595033371,17.02,54.09,82.4,88,40,6.93
159,Eyl,SO,1595033527,7.98,49.82,80.28,58,100,33.58
160,Burnie,AU,1595033510,-41.07,145.92,48.99,76,100,13.0
161,Kangaatsiaq,GL,1595033631,68.31,-53.46,49.6,59,0,12.84
162,Palana,RU,1595033483,59.12,159.97,46.33,100,100,16.69
163,Bud,US,1595033631,39.45,-86.18,82.99,65,40,5.82
164,Bembèrèkè,BJ,1595033632,10.23,2.66,69.42,100,100,5.37
165,Atuona,PF,1595033258,-9.8,-139.03,79.41,75,19,16.84
166,Sittwe,MM,1595033632,20.15,92.9,82.63,81,100,3.4
167,São Gabriel da Cachoeira,BR,1595033623,-0.13,-67.09,73.31,95,89,1.25
168,Namatanai,PG,1595033632,-3.67,152.43,83.77,72,84,5.46
169,Rome,US,1595033632,43.21,-75.46,75.2,69,1,5.82
170,Chaiya,TH,1595033632,9.39,99.2,77.0,100,40,3.36
171,Daphne,US,1595033469,30.6,-87.9,87.8,83,1,4.85
172,Nishihara,JP,1595033633,26.18,127.76,84.2,89,75,9.17
173,Mahibadhoo,MV,1595033486,3.78,72.97,83.66,74,100,12.95
174,Brzesko,PL,1595033633,49.97,20.61,60.01,96,100,1.83
175,Ulladulla,AU,1595033633,-35.35,150.47,57.99,58,90,8.05
176,Altamont,US,1595033633,42.21,-121.74,87.8,18,1,17.22
177,Thompson,CA,1595033434,55.74,-97.86,69.8,60,90,3.36
178,La Orilla,MX,1595033634,17.98,-102.23,83.23,77,0,6.53
179,Tapolca,HU,1595033634,46.88,17.44,55.4,87,19,2.24
180,Aksha,RU,1595033634,50.28,113.29,61.61,51,100,7.72
181,Ascension,US,1595033634,30.22,-90.9,82.4,69,84,3.36
182,Grand Gaube,MU,1595033495,-20.01,57.66,68.0,75,3,5.01
183,Svetlaya,RU,1595033514,46.54,138.33,75.18,65,5,8.55
184,Görele,TR,1595033634,41.03,39.0,75.2,88,75,3.36
185,Torbay,CA,1595033434,47.67,-52.73,50.0,100,90,13.87
186,Ribeira Grande,PT,1595033313,38.52,-28.7,70.07,79,16,13.38
187,Katsuura,JP,1595033501,35.13,140.3,73.4,100,75,3.36
188,Raja,SS,1595033635,8.46,25.68,69.49,88,100,5.01
189,Kanye,BW,1595033635,-24.97,25.33,38.28,64,0,3.27
190,Tiksi,RU,1595033305,71.69,128.87,46.13,67,96,12.1
191,Soyo,AO,1595033485,-6.13,12.37,70.63,89,35,1.34
192,Tomatlán,MX,1595033164,19.93,-105.25,84.94,63,4,4.92
193,Angoche,MZ,1595033635,-16.23,39.91,69.53,76,29,12.64
194,Garden City,US,1595033635,42.33,-83.33,84.99,58,20,9.17
195,Port Moresby,PG,1595033297,-9.44,147.18,78.8,78,75,16.11
196,Santa Maria,BR,1595033336,-29.68,-53.81,59.63,95,35,6.02
197,Klyuchi,RU,1595033636,52.27,79.17,70.93,64,96,14.97
198,Arbuzynka,UA,1595033636,47.91,31.32,60.96,78,0,7.9
199,Phanom Thuan,TH,1595033636,14.13,99.7,82.74,73,64,3.58
200,Tessalit,ML,1595033445,20.2,1.01,91.81,21,0,9.69
201,Podporozh'ye,RU,1595033636,60.91,34.17,48.33,89,0,2.86
202,Ocós,GT,1595033636,14.51,-92.19,86.0,79,75,4.7
203,Makakilo City,US,1595033542,21.35,-158.09,89.6,62,20,11.41
204,Norman Wells,CA,1595033260,65.28,-126.83,69.8,52,75,5.82
205,Kastamonu Province,TR,1595033551,41.5,33.67,53.15,87,0,1.45
206,Lázaro Cárdenas,MX,1595033340,17.96,-102.2,83.57,77,0,6.51
207,Okhotsk,RU,1595033485,59.38,143.3,58.23,87,99,6.69
208,Rawson,AR,1595033637,-43.3,-65.1,51.69,65,39,19.57
209,Falkenberg,SE,1595033637,56.91,12.49,60.01,93,100,2.24
210,Husavik,IS,1595033520,66.04,-17.34,42.8,87,90,17.22
211,Teguise,ES,1595033637,29.06,-13.56,75.2,73,0,13.87
212,Orange,US,1595033638,33.7,-117.77,81.0,60,20,10.29
213,Santa Rosa,PH,1595033391,14.31,121.11,89.01,74,84,5.82
214,São José da Coroa Grande,BR,1595033536,-8.9,-35.15,74.59,86,31,13.78
215,Perevoz,RU,1595033638,55.6,44.54,54.32,92,88,3.13
216,Meulaboh,ID,1595033356,4.14,96.13,76.21,90,73,6.24
217,Nouakchott,MR,1595033453,18.09,-15.98,77.0,83,0,14.99
218,Kobryn,BY,1595033638,52.21,24.36,57.92,90,0,6.73
219,Port Keats,AU,1595033638,-14.25,129.55,80.65,24,0,7.52
220,Kuytun,RU,1595033638,54.34,101.5,55.35,78,0,11.36
221,Ketchikan,US,1595033639,55.34,-131.65,57.2,87,90,10.29
222,San Quintín,MX,1595033535,30.48,-115.95,72.05,69,0,14.36
223,Felipe Carrillo Puerto,MX,1595033639,19.58,-88.05,80.83,75,100,4.05
224,Roald,NO,1595033315,62.58,6.13,54.0,81,2,4.7
225,Campeche,MX,1595033639,19.0,-90.5,81.09,75,25,3.31
226,Saskylakh,RU,1595033431,71.92,114.08,52.84,73,95,7.83
227,Boddam,GB,1595033639,57.47,-1.78,53.6,66,0,6.93
228,Morón,AR,1595033639,-34.65,-58.62,55.0,94,100,4.0
229,Lesnoy,RU,1595033640,57.62,63.08,68.5,75,7,6.98
230,Noumea,NC,1595033640,-22.28,166.46,77.0,44,0,5.82
231,Coyhaique,CL,1595033546,-45.58,-72.07,32.0,86,90,1.12
232,Teeli,RU,1595033640,51.03,90.23,65.46,59,0,1.25
233,Killarney,IE,1595033640,52.05,-9.52,59.22,93,100,5.57
234,Mildmay,CA,1595033640,44.05,-81.12,73.99,72,0,1.01
235,Saint George,US,1595033437,37.1,-113.58,102.2,12,1,17.22
236,Lavrentiya,RU,1595033252,65.58,-171.0,49.12,71,0,6.11
237,Charters Towers,AU,1595033641,-20.1,146.27,65.41,41,22,5.23
238,Praia,CV,1595033641,14.92,-23.51,75.2,73,40,8.05
239,Khatanga,RU,1595033243,71.97,102.5,40.77,92,100,9.73
240,Sungai Penuh,ID,1595033426,-2.08,101.38,70.0,86,15,1.3
241,Zeya,RU,1595033383,53.75,127.27,73.13,88,100,5.97
242,Carbonear,CA,1595033641,47.73,-53.21,50.0,100,90,13.87
243,Esna,EG,1595033641,25.29,32.55,84.2,39,0,2.24
244,Sitka,US,1595033543,57.05,-135.33,55.4,93,90,8.05
245,São Manuel,BR,1595033642,-22.73,-48.57,77.0,53,0,2.24
246,Talara,PE,1595033642,-4.58,-81.27,61.88,88,0,14.27
247,Mataram,ID,1595033642,-8.58,116.12,80.6,78,40,12.75
248,Russell,US,1595033129,32.35,-85.2,91.4,59,1,3.36
249,Ponta Delgada,PT,1595033432,37.73,-25.67,69.8,77,75,6.93
250,Pilot Butte,CA,1595033642,50.47,-104.42,77.0,50,75,14.99
251,Christchurch,NZ,1595033468,-43.53,172.63,51.01,100,100,5.82
252,Vanimo,PG,1595033515,-2.67,141.3,83.98,73,100,0.83
253,General Pico,AR,1595033344,-35.66,-63.76,51.93,81,99,9.26
254,Pacific Grove,US,1595033318,36.62,-121.92,70.0,60,1,10.29
255,Saint-Junien,FR,1595033643,45.88,0.9,62.6,67,0,4.7
256,Abonnema,NG,1595033643,4.71,6.79,75.22,91,100,2.57
257,Kholtoson,RU,1595033643,50.3,103.31,60.49,56,70,2.75
258,Jalu,LY,1595033383,29.03,21.55,78.48,53,0,8.3
259,Morondava,MG,1595033530,-20.28,44.28,67.33,57,0,15.46
260,Saint Johnsbury,US,1595033644,44.42,-72.02,69.8,83,0,1.1
261,Kudahuvadhoo,MV,1595033644,2.67,72.89,84.22,69,100,5.79
262,Puri,IN,1595033644,19.8,85.85,84.78,78,31,15.97
263,Grajaú,BR,1595033644,-5.82,-46.14,75.63,49,0,4.09
264,Hirara,JP,1595033432,24.8,125.28,87.8,79,75,13.87
265,Atbasar,KZ,1595033644,51.8,68.33,73.87,71,96,13.33
266,Boyabat,TR,1595033644,41.47,34.77,59.72,75,2,1.32
267,Umluj,SA,1595033370,25.02,37.27,80.51,63,97,2.73
268,Northam,GB,1595033645,51.03,-4.22,59.0,94,85,8.01
269,Fort Nelson,CA,1595033645,58.81,-122.7,71.6,53,75,9.17
270,Shitkino,RU,1595033645,56.37,98.35,55.11,59,72,8.84
271,Dedza,MW,1595033645,-14.38,34.33,44.47,100,92,6.51
272,Saint-Pierre,RE,1595033495,-21.34,55.48,66.2,72,90,4.7
273,Giyani,ZA,1595033646,-23.3,30.72,47.88,57,0,3.83
274,Cabadiangan,PH,1595033646,9.75,122.47,83.68,69,100,3.96
275,Aranos,NA,1595033549,-24.13,19.12,43.74,54,0,10.45
276,Isangel,VU,1595033513,-19.55,169.27,77.0,61,20,10.29
277,Ostrovnoy,RU,1595033429,68.05,39.51,53.26,65,73,2.1
278,Elizabeth City,US,1595033646,36.29,-76.25,87.8,74,1,5.82
279,Casablanca,MA,1595033617,33.59,-7.62,69.8,88,2,4.7
280,Hong Kong,HK,1595033479,22.29,114.16,90.0,79,87,8.99
281,Port Hedland,AU,1595033374,-20.32,118.57,69.8,77,1,3.36
282,General Cepeda,MX,1595033647,25.38,-101.45,84.2,39,75,6.93
283,Matara,LK,1595033647,5.95,80.54,79.11,85,99,8.81
284,Puerto Ayora,EC,1595033447,-0.74,-90.35,69.01,91,16,3.0
285,Yulara,AU,1595033260,-25.24,130.99,53.6,30,12,3.36
286,Selma,US,1595033435,36.57,-119.61,98.6,23,1,5.91
287,Kruisfontein,ZA,1595033376,-34.0,24.73,55.63,34,0,11.16
288,North Bend,US,1595033539,43.41,-124.22,73.99,63,1,24.16
289,Sibolga,ID,1595033516,1.74,98.78,77.9,82,67,2.84
290,Ruteng,ID,1595033648,-8.61,120.47,69.28,84,35,2.46
291,Suba,PH,1595033648,10.84,121.01,84.72,74,100,14.97
292,Cherskiy,RU,1595033452,68.75,161.3,61.61,55,100,7.96
293,Senanga,ZM,1595033648,-16.12,23.27,45.64,58,0,6.08
294,Hervey Bay,AU,1595033209,-25.3,152.85,66.99,58,2,8.99
295,Dingle,PH,1595033383,11.0,122.67,84.18,75,100,8.05
296,Port Alfred,ZA,1595033439,-33.59,26.89,63.21,28,0,12.06
297,Lukulu,ZM,1595033649,-14.37,23.24,44.44,66,0,5.88
298,Yuancheng,CN,1595033649,36.65,107.79,63.79,70,100,25.1
299,Willowmore,ZA,1595033649,-33.29,23.49,44.2,49,0,5.39
300,Phan Thiet,VN,1595033649,10.93,108.1,81.95,80,32,3.91
301,The Valley,AI,1595033428,18.22,-63.06,82.99,69,20,9.17
302,Goundam,ML,1595033650,16.41,-3.67,93.45,38,19,7.2
303,Alofi,NU,1595033512,-19.06,-169.92,80.6,69,3,11.41
304,Cabo San Lucas,MX,1595033283,22.89,-109.91,89.6,61,5,14.99
305,Narasannapeta,IN,1595033589,18.42,84.05,82.08,83,100,4.9
306,Dwārka,IN,1595033650,22.24,68.97,83.43,86,0,9.57
307,Juneau,US,1595033488,58.3,-134.42,60.8,67,90,21.92
308,Jablah,SY,1595033650,35.36,35.93,69.8,77,40,6.93
309,Calbuco,CL,1595033650,-41.77,-73.13,50.0,87,75,14.99
310,Longyearbyen,SJ,1595033440,78.22,15.64,48.2,70,40,11.41
311,Donghai,CN,1595033651,22.95,115.64,87.49,70,100,10.76
312,Sorong,ID,1595033651,-0.88,131.25,81.46,78,0,6.49
313,Pápa,HU,1595033651,47.33,17.47,55.4,87,20,9.17
314,Huarmey,PE,1595033386,-10.07,-78.15,59.88,84,4,9.1
315,Francistown,BW,1595033652,-21.17,27.51,41.63,76,0,7.02
316,La Romana,DO,1595033652,18.43,-68.97,78.8,88,75,8.55
317,Kavaratti,IN,1595033278,10.57,72.64,83.14,79,100,17.87
318,Chifeng,CN,1595033652,42.27,118.96,68.67,78,100,9.31
319,Waseca,US,1595033652,44.08,-93.51,82.99,78,75,12.75
320,Gusino,RU,1595033652,54.72,31.37,51.51,86,48,3.78
321,Kimbe,PG,1595033652,-5.55,150.14,81.45,82,96,3.8
322,Limeira,BR,1595033653,-22.56,-47.4,68.0,68,0,9.17
323,Korla,CN,1595033653,41.76,86.15,81.0,65,53,6.91
324,Aksarka,RU,1595033502,66.56,67.8,52.47,91,100,11.83
325,Gadsden,US,1595033380,34.01,-86.01,89.6,59,1,3.36
326,Gariāband,IN,1595033653,20.64,82.06,76.53,83,31,3.87
327,São João da Barra,BR,1595033653,-21.64,-41.05,69.78,77,0,11.01
328,Puerto Baquerizo Moreno,EC,1595033653,-0.9,-89.6,67.46,92,5,9.69
329,Thunder Bay,CA,1595033378,48.4,-89.32,78.8,47,75,11.41
330,Conakry,GN,1595033654,9.54,-13.68,78.67,80,86,12.08
331,Gaoual,GN,1595033654,11.75,-13.2,72.01,92,100,2.77
332,Swift Current,CA,1595033654,50.28,-107.8,73.4,56,1,6.93
333,Kupang,ID,1595033654,-10.17,123.58,84.2,62,20,18.34
334,Kalach-na-Donu,RU,1595033654,48.69,43.53,71.6,43,40,11.18
335,Chernyshevskiy,RU,1595033517,63.01,112.47,56.93,75,91,8.52
336,Marshfield,US,1595033643,44.67,-90.17,82.4,61,1,12.75
337,Maniitsoq,GL,1595033281,65.42,-52.9,53.02,68,21,5.1
338,Laguna,US,1595033445,38.42,-121.42,89.6,29,1,9.17
339,Lircay,PE,1595033655,-12.99,-74.72,47.32,66,0,2.82
340,Santa Vitória do Palmar,BR,1595033524,-33.52,-53.37,57.34,94,77,10.09
341,At-Bashi,KG,1595033655,41.17,75.81,59.72,61,46,0.36
342,Kartārpur,IN,1595033655,31.44,75.5,87.48,61,1,6.15
343,Mehtar Lām,AF,1595033655,34.67,70.21,80.6,65,75,6.93
344,Petropavl,KZ,1595033656,54.88,69.16,66.2,88,92,6.71
345,Kailua,US,1595033656,21.4,-157.74,89.6,74,75,11.41
346,Pisco,PE,1595033499,-13.7,-76.22,60.8,82,0,13.87
347,Sabha,LY,1595033656,27.04,14.43,85.42,28,0,12.3
348,Tuatapere,NZ,1595033448,-46.13,167.68,39.0,83,0,3.0
349,San Policarpo,PH,1595033657,12.18,125.51,84.09,75,100,9.84
350,Sørland,NO,1595033438,67.67,12.69,54.91,82,16,22.24
351,Hurghada,EG,1595033657,27.26,33.81,86.0,37,0,19.46
352,Gravdal,NO,1595033657,68.12,13.5,54.39,83,66,17.65
353,Iporá,BR,1595033657,-16.44,-51.12,68.07,44,0,4.27
354,Ambovombe,MG,1595033657,-25.17,46.08,64.62,72,71,9.37
355,Ust-Nera,RU,1595033657,64.57,143.2,67.06,35,100,4.99
356,Dengzhou,CN,1595033658,37.81,120.75,72.48,63,92,12.37
357,Dunedin,NZ,1595033327,-45.87,170.5,46.99,75,97,27.0
358,Sakakah,SA,1595033374,29.97,40.21,84.2,12,0,3.36
359,Darnah,LY,1595033658,32.77,22.64,74.43,83,0,15.7
360,Karratha,AU,1595033511,-20.74,116.85,72.82,61,100,2.86
361,Teahupoo,PF,1595033658,-17.83,-149.27,73.4,94,75,5.82
362,Kontagora,NG,1595033517,10.4,5.47,71.91,94,100,4.43
363,Neturhāt,IN,1595033659,23.48,84.27,72.0,94,100,3.65
364,Cao Bang,VN,1595033659,22.67,106.25,79.86,87,99,4.09
365,Tupik,RU,1595033659,54.43,119.93,68.18,65,35,1.77
366,Les Cayes,HT,1595033659,18.2,-73.75,79.79,79,98,3.56
367,Chapada dos Guimarães,BR,1595033408,-15.46,-55.75,82.4,26,0,3.36
368,Kaitangata,NZ,1595033260,-46.28,169.85,42.01,71,0,1.99
369,Likasi,CD,1595033660,-10.98,26.73,43.03,84,0,5.19
370,Zhigalovo,RU,1595033660,54.81,105.16,57.6,71,73,4.92
371,Vila Velha,BR,1595033244,-20.33,-40.29,71.01,83,75,3.78
372,Maltahöhe,NA,1595033660,-24.83,16.98,42.55,54,0,8.97
373,Half Moon Bay,US,1595033499,37.46,-122.43,79.0,82,90,11.41
374,Puerto Colombia,CO,1595033660,10.99,-74.95,82.4,83,52,6.93
375,Fukuechō,JP,1595033661,32.69,128.84,75.2,88,75,5.82
376,Mabaruma,GY,1595033661,8.2,-59.78,75.45,92,100,2.82
377,Carutapera,BR,1595033532,-1.2,-46.02,74.64,91,0,3.65
378,Simbach,DE,1595033661,48.57,12.75,54.0,94,0,2.19
379,Quatre Cocos,MU,1595033324,-20.21,57.76,69.8,68,75,13.87
380,Inyonga,TZ,1595033662,-6.72,32.07,51.13,73,0,6.04
381,Sumter,US,1595033662,28.71,-82.08,84.0,78,2,1.01
382,Arlit,NE,1595033662,18.74,7.39,83.82,55,0,14.45
383,Tsalka,GE,1595033662,41.59,44.09,55.85,78,0,3.0
384,Zakopane,PL,1595033453,49.3,19.95,53.6,93,75,2.24
385,Port Elizabeth,ZA,1595033261,-33.92,25.57,44.6,52,0,3.36
386,Vardø,NO,1595033256,70.37,31.11,55.4,82,100,18.34
387,Anadyr,RU,1595033663,64.75,177.48,57.2,76,84,15.66
388,Skjervøy,NO,1595033663,70.03,20.97,52.02,91,100,4.88
389,Rochegda,RU,1595033663,62.8,43.25,52.05,97,52,6.17
390,Longonjo,AO,1595033663,-12.91,15.25,48.27,52,0,5.66
391,Alta Floresta,BR,1595033663,-9.88,-56.09,77.47,45,0,3.0
392,Robertsport,LR,1595033664,6.75,-11.37,77.18,80,100,10.94
393,Mollendo,PE,1595033664,-17.02,-72.01,58.55,79,77,4.5
394,San Lorenzo,PY,1595033664,-25.33,-57.53,77.0,57,0,5.82
395,Luau,AO,1595033664,-10.71,22.22,54.03,53,0,6.46
396,Coquimbo,CL,1595033457,-29.95,-71.34,51.8,87,90,4.7
397,Talaya,RU,1595033664,61.38,152.75,51.82,84,100,11.59
398,Sioux Lookout,CA,1595033551,50.1,-91.92,77.0,53,90,4.7
399,Ugoofaaru,MV,1595033665,5.67,73.0,83.07,77,100,21.59
400,San Miguel de Tucumán,AR,1595033665,-26.82,-65.22,57.2,67,1,5.82
401,Petropavlovsk-Kamchatskiy,RU,1595033233,53.05,158.65,71.6,64,66,6.71
402,Tarabuco,BO,1595033665,-19.17,-64.92,48.06,63,0,3.65
403,Hambantota,LK,1595033665,6.12,81.12,78.8,94,20,4.7
404,Buala,SB,1595033253,-8.14,159.59,84.51,71,100,10.13
405,Chenghai,CN,1595033666,23.46,116.77,87.8,74,20,2.24
406,Lianhe,CN,1595033666,47.13,129.27,89.35,49,100,2.44
407,Lima,PE,1595033523,-12.04,-77.03,62.6,67,90,10.29
408,Varca,IN,1595033666,15.22,73.92,75.2,100,90,4.7
409,Port Hawkesbury,CA,1595033666,45.62,-61.35,60.8,67,75,3.36
410,Nome,US,1595033376,64.5,-165.41,68.0,59,1,14.99
411,Goygol,AZ,1595033667,40.59,46.32,73.4,69,75,13.87
412,Mata Grande,BR,1595033667,-9.12,-37.73,61.16,100,2,8.52
413,Laas,IT,1595033550,46.62,10.7,50.0,87,40,6.93
414,Klaksvík,FO,1595033452,62.23,-6.59,50.0,93,97,21.92
415,Xam Nua,LA,1595033667,20.42,104.04,75.16,76,100,2.51
416,Hay River,CA,1595033537,60.82,-115.8,66.2,63,75,9.17
417,Lichuan,CN,1595033667,30.3,108.85,72.68,92,100,2.33
418,Guerrero Negro,MX,1595033667,27.98,-114.06,75.87,56,3,16.46
419,Teya,RU,1595033668,60.38,92.63,52.77,65,34,9.24
420,Bara,NG,1595033668,10.37,10.73,72.45,92,100,10.11
421,Sterling,US,1595033544,39.01,-77.43,89.6,52,90,5.82
422,Xining,CN,1595033668,36.62,101.77,57.54,66,92,1.01
423,Ürümqi,CN,1595033668,43.8,87.6,82.4,28,0,11.18
424,Hyères,FR,1595033668,43.12,6.12,71.01,88,0,2.24
425,Oranjemund,NA,1595033424,-28.55,16.43,63.63,28,0,4.65
426,Kyshtovka,RU,1595033668,56.55,76.63,64.92,87,0,7.49
427,Touros,BR,1595033254,-5.2,-35.46,75.2,88,40,6.93
428,Ixtapa,MX,1595033527,20.7,-105.2,86.0,70,20,11.41
429,Necochea,AR,1595033669,-38.55,-58.74,53.01,87,100,11.01
430,Lokosovo,RU,1595033669,61.13,74.82,64.63,66,0,8.63
431,Pitsunda,GE,1595033669,43.16,40.34,71.6,88,75,6.71
432,Narsaq,GL,1595033245,60.92,-46.05,51.8,52,78,10.29
433,Vila Franca do Campo,PT,1595033669,37.72,-25.43,69.8,77,75,6.93
434,Westport,US,1595033670,41.14,-73.36,77.0,88,40,3.76
435,Matagami,CA,1595033670,49.75,-77.63,77.0,47,40,6.93
436,Antofagasta,CL,1595033222,-23.65,-70.4,55.4,76,75,6.93
437,Peterhead,GB,1595033670,57.51,-1.8,53.6,66,7,6.93
438,Ordzhonīkīdze,KZ,1595033670,52.44,61.74,71.01,80,0,5.55
439,Jianhu,CN,1595033670,29.98,120.57,82.4,88,85,6.71
440,Bilibino,RU,1595033271,68.05,166.44,61.83,62,84,8.55
441,Alamogordo,US,1595033671,32.9,-105.96,99.0,16,1,6.93
442,Santiago del Estero,AR,1595033671,-27.8,-64.26,66.52,66,0,6.08
443,Lesnoye,RU,1595033671,58.28,35.52,53.87,90,95,4.47
444,Fairbanks,US,1595033286,64.84,-147.72,69.8,49,90,8.05
445,Priargunsk,RU,1595033671,50.37,119.1,72.28,65,97,5.79
446,Kenora,CA,1595033671,49.82,-94.43,68.0,82,90,8.05
447,Nelson Bay,AU,1595033672,-32.72,152.15,60.01,82,90,6.93
448,Bariri,BR,1595033672,-22.07,-48.74,77.0,53,0,2.24
449,Hazorasp,UZ,1595033672,41.32,61.07,71.6,56,0,2.24
450,Launceston,AU,1595033672,-41.45,147.17,48.2,93,90,9.17
451,Batemans Bay,AU,1595033672,-35.72,150.18,59.0,74,0,1.99
452,Peniche,PT,1595033406,39.36,-9.38,66.99,91,0,3.74
453,La Rioja,ES,1595033672,42.25,-2.5,60.8,77,0,9.17
454,Hamilton,US,1595033431,39.18,-84.53,84.2,54,1,3.36
455,Esmeralda,CU,1595033673,21.85,-78.12,82.4,83,92,6.93
456,Safaga,EG,1595033645,26.73,33.94,86.0,37,0,19.46
457,Pucallpa,PE,1595033673,-8.38,-74.55,75.88,78,0,1.34
458,Mehamn,NO,1595033543,71.04,27.85,58.71,76,100,10.78
459,Rāzole,IN,1595033673,16.48,81.83,80.02,86,100,4.25
460,Elk City,US,1595033673,35.41,-99.4,96.8,30,1,17.22
461,Chase,CA,1595033674,50.82,-119.69,77.0,50,37,3.2
462,Cuamba,MZ,1595033674,-14.8,36.54,56.62,84,19,5.97
463,Stari Bohorodchany,UA,1595033674,48.83,24.52,55.44,91,93,2.39
464,Cerqueira César,BR,1595033674,-23.04,-49.17,62.65,81,0,5.75
465,Oktyabr'skoye,RU,1595033546,43.06,44.74,62.6,93,16,4.47
466,Ilo,PE,1595033442,-17.64,-71.34,59.13,78,82,2.01
467,Shagonar,RU,1595033674,51.53,92.8,65.3,65,7,1.57
468,Palmer,US,1595033280,42.16,-72.33,75.2,83,20,3.33
469,Goulburn,AU,1595033675,-34.75,149.72,48.0,88,0,4.23
470,Bukavu,CD,1595033675,-2.51,28.86,57.63,66,95,1.36
471,Bone,DE,1595033675,51.97,12.14,62.01,83,40,4.45
472,Benghazi,LY,1595033483,32.12,20.07,75.79,78,0,10.74
473,Warrnambool,AU,1595033675,-38.38,142.48,48.99,80,100,11.01
474,Tinos,GR,1595033675,37.54,25.16,75.99,53,0,14.99
475,Hofn,IS,1595033448,64.25,-15.21,51.82,69,100,14.38
476,Misratah,LY,1595033545,32.38,15.09,76.39,71,0,4.81
477,Monrovia,LR,1595033676,6.3,-10.8,77.0,94,75,9.69
478,Whitehorse,CA,1595033676,60.72,-135.05,68.0,37,75,14.99
479,Baijiantan,CN,1595033676,45.63,85.18,92.19,15,0,2.75
480,Varnavino,RU,1595033676,57.4,45.09,53.65,98,18,4.32
481,Coahuayana Viejo,MX,1595033525,18.73,-103.68,84.2,70,40,11.41
482,Bereda,ES,1595033291,43.27,-7.54,63.0,83,72,5.99
483,Mama,RU,1595033677,58.31,112.9,60.96,65,78,5.06
484,Potchefstroom,ZA,1595033499,-26.72,27.1,41.67,46,0,1.83
485,Tabas,IR,1595033677,33.6,56.92,87.8,23,0,4.7
486,Pitanga,BR,1595033677,-24.76,-51.76,57.69,90,0,1.86
487,Khromtau,KZ,1595033677,50.25,58.43,70.75,49,0,7.7
488,Yenagoa,NG,1595033522,4.92,6.26,74.57,93,99,2.39
489,Tazovsky,RU,1595033496,67.47,78.7,49.03,73,63,3.91
490,Ciudad Bolivar,VE,1595033678,8.12,-63.55,81.28,73,100,10.94
491,Sandnessjøen,NO,1595033678,66.02,12.63,53.6,93,22,9.17
492,Labuhan,ID,1595033440,-6.88,112.21,79.86,75,92,13.13
493,Lisala,CD,1595033678,2.15,21.52,67.96,98,94,2.08
494,Balkanabat,TM,1595033678,39.51,54.37,80.69,44,0,3.98
495,Nioro,GM,1595033485,13.35,-15.75,75.63,90,100,7.7
496,Imeni Karla Libknekhta,RU,1595033678,51.62,35.48,56.25,84,0,0.69
497,Parkersburg,US,1595033653,39.27,-81.56,84.2,54,1,3.36
498,Cockburn Town,TC,1595033288,21.46,-71.14,83.23,77,0,16.73
499,Manggar,ID,1595033679,-2.88,108.27,82.8,79,36,12.37
500,Geraldton,AU,1595033229,-28.77,114.6,50.0,81,40,10.29
501,Yoichi,JP,1595033679,43.2,140.77,73.0,68,20,17.22
502,Broome,US,1595033507,42.25,-75.83,75.2,60,1,6.93
503,Porto Franco,BR,1595033524,-6.34,-47.4,75.96,46,92,3.02
504,Pangai,TO,1595033679,-19.8,-174.35,80.6,83,75,13.87
505,Bānāvar,IN,1595033679,13.41,76.17,70.12,87,98,8.84
506,Sobolevo,RU,1595033680,54.43,31.9,52.7,91,42,4.16
507,Aklavik,CA,1595033448,68.22,-135.01,68.0,42,75,4.7
508,Moanda,GA,1595033680,-1.56,13.22,69.24,90,25,2.8
509,Caluquembe,AO,1595033680,-13.78,14.68,46.42,55,0,7.67
510,Abhā,SA,1595033680,18.22,42.51,69.8,45,95,11.7
511,Verkhnetulomskiy,RU,1595033681,68.61,31.8,55.4,87,100,4.47
512,Rexburg,US,1595033478,43.83,-111.79,91.4,21,1,18.34
513,Bintulu,MY,1595033308,3.17,113.03,78.8,94,20,2.24
514,Adrar,MR,1595033681,20.5,-10.07,93.88,24,16,5.59
515,Witney,GB,1595033681,51.78,-1.49,62.6,82,75,4.7
516,Boshnyakovo,RU,1595033682,49.63,142.17,61.11,96,98,4.56
517,Sydney,AU,1595033427,-33.87,151.21,59.0,67,75,9.17
518,Wajima,JP,1595033435,37.4,136.9,69.8,100,75,2.24
519,Zharkent,KZ,1595033682,44.16,80.0,80.62,29,100,2.66
520,Alugan,PH,1595033682,12.22,125.48,83.71,76,100,8.37
521,Kulhudhuffushi,MV,1595033488,6.62,73.07,83.14,75,100,17.22
522,Emerald,AU,1595033682,-23.53,148.17,63.0,36,0,8.05
523,Mandalgovi,MN,1595033683,45.76,106.27,60.44,46,7,11.25
524,Yerbogachën,RU,1595033242,61.28,108.01,50.45,91,100,10.09
525,Iskateley,RU,1595033683,67.68,53.15,53.96,89,100,8.14
526,Mlimba,TZ,1595033683,-8.8,35.82,60.1,62,28,2.8
527,Poum,NC,1595033316,-20.23,164.02,70.81,57,0,7.43
528,Uglegorsk,RU,1595033683,49.08,142.03,61.57,95,100,2.48
529,Murgab,TM,1595033683,37.5,61.97,80.6,34,0,11.41
530,Trelew,AR,1595033684,-43.25,-65.31,50.77,62,0,16.44
531,Flinders,AU,1595033684,-34.58,150.86,62.01,63,0,7.0
532,Provincia di Ancona,IT,1595033684,43.55,13.17,71.01,88,0,6.93
533,Caravelas,BR,1595033501,-17.71,-39.25,68.7,68,0,5.59
534,Dédougou,BF,1595033684,12.47,-3.47,77.18,80,37,6.8
535,Choszczno,PL,1595033684,53.17,15.42,57.99,100,0,4.7
536,Lagoa,PT,1595033249,39.05,-27.98,69.78,82,21,13.29
537,Bathsheba,BB,1595033250,13.22,-59.52,82.4,74,40,12.75
538,Valdepeñas,ES,1595033685,38.76,-3.38,80.01,52,0,3.0
539,Grootfontein,NA,1595033382,-19.57,18.12,41.14,64,0,8.72
540,Dongli,CN,1595033685,23.57,116.82,87.8,74,20,2.24
541,Okato,NZ,1595033685,-39.2,173.88,54.0,79,100,10.0
542,Kotido,UG,1595033685,2.98,34.13,65.93,87,100,3.47
543,Vallenar,CL,1595033685,-28.57,-70.76,56.5,66,0,0.98
544,Viedma,AR,1595033536,-40.81,-63.0,53.01,81,52,1.99
545,Olafsvik,IS,1595033328,64.89,-23.71,45.84,78,66,29.75
546,Inírida,CO,1595033686,3.87,-67.92,73.96,92,67,1.54
547,Mackenzie,CA,1595033686,55.3,-123.17,68.0,49,40,4.7
548,Ancud,CL,1595033248,-41.87,-73.82,50.0,93,75,12.75
549,Poso,ID,1595033686,-1.4,120.75,83.73,63,0,3.11
550,Vestmannaeyjar,IS,1595033427,63.44,-20.27,48.45,74,64,32.5
551,Leshukonskoye,RU,1595033687,64.9,45.76,51.26,96,5,4.56
552,Mafeteng,LS,1595033687,-29.82,27.24,34.03,80,0,0.81
553,Farragut,US,1595033687,35.88,-84.15,93.2,43,75,11.41
554,Horasan,TR,1595033687,40.05,42.17,56.34,77,0,1.1
555,Mogadishu,SO,1595033687,2.04,45.34,76.89,78,95,22.7
556,Miandrivazo,MG,1595033687,-19.52,45.47,63.48,47,0,8.19
557,Skibbereen,IE,1595033526,51.55,-9.27,57.2,100,90,13.87
558,Aykhal,RU,1595033527,66.0,111.5,59.0,67,75,2.24
559,Santa Lucía,ES,1595033688,27.91,-15.54,75.0,83,20,20.8
560,Salinas,US,1595033688,36.68,-121.66,70.0,72,90,12.75
561,Deputatsky,RU,1595033533,69.3,139.9,52.9,48,98,15.3
562,New Milford,US,1595033523,40.93,-74.02,84.0,69,1,6.93
563,Wajid,SO,1595033688,3.81,43.25,71.22,72,72,23.94
564,Kharp,RU,1595033688,66.8,65.81,53.51,89,100,9.46
565,Três Lagoas,BR,1595033689,-20.75,-51.68,71.71,44,0,4.23
566,Tabuk,PH,1595033528,17.42,121.44,83.01,72,95,4.0
567,Victoria Point,AU,1595033689,-27.58,153.3,66.99,61,0,1.99
568,Gazli,UZ,1595033689,40.13,63.45,80.96,18,0,7.31
569,Esim,GH,1595033514,4.87,-2.24,74.19,91,42,7.0
570,Rodolfo Sánchez Taboada,MX,1595033587,31.72,-116.57,79.0,41,3,4.0
571,Ladário,BR,1595033690,-19.0,-57.6,73.11,39,0,1.16
572,Codrington,AU,1595033478,-38.27,141.97,51.93,66,100,18.12
573,Port Blair,IN,1595033690,11.67,92.75,81.55,80,4,7.49
574,Ondangwa,NA,1595033690,-17.92,15.95,50.88,46,0,11.61
575,Bandarbeyla,SO,1595033447,9.49,50.81,81.7,48,100,31.12
576,Vostok,RU,1595033385,46.49,135.88,80.65,54,0,3.53
577,Vágur,FO,1595033690,61.47,-6.81,51.66,80,100,29.51
578,Padang,ID,1595033298,-0.95,100.35,80.02,74,7,3.65
579,Boa Vista,BR,1595033691,2.82,-60.67,75.2,94,75,5.82
580,Bāfq,IR,1595033691,31.61,55.41,78.08,26,3,6.26
581,Negara,ID,1595033691,-8.32,114.6,78.17,76,81,6.6
582,Pointe Michel,DM,1595033691,15.25,-61.38,80.08,76,4,10.71
583,La Ronge,CA,1595033487,55.1,-105.28,60.8,93,75,10.29
584,Pierre,US,1595033691,44.37,-100.35,104.0,27,1,11.41
585,Portland,US,1595033345,45.52,-122.68,73.4,43,75,13.87
